bearing_id,c30,fault_type,fr_ftf,fr_logged,ftf_hz,ftf_lines,record_id,v2
uored_11,normal,ball,30.008,28.483,11.44,4,B_11_1,normal
uored_11,,ball,,28.483,11.44,1,B_11_2,
uored_12,,ball,,28.667,11.415,0,B_12_1,
uored_12,normal,ball,29.943,28.667,11.415,3,B_12_2,normal
uored_13,,ball,,28.75,11.45,0,B_13_1,
uored_13,,ball,,28.75,11.35,0,B_13_2,
uored_14,normal,ball,30.205,28.933,11.515,4,B_14_1,normal
uored_14,normal,ball,30.205,28.933,11.515,4,B_14_2,normal
uored_15,,ball,,28.667,11.39,0,B_15_1,
uored_15,,ball,,28.7,11.35,0,B_15_2,
uored_16,,cage,,29.667,11.875,0,C_16_1,
uored_16,,cage,,28.333,10.89,0,C_16_2,
uored_17,,cage,,30.0,11.45,1,C_17_1,
uored_17,,cage,,28.833,11.985,0,C_17_2,
uored_18,,cage,,29.667,11.39,0,C_18_1,
uored_18,,cage,,29.667,10.975,0,C_18_2,
uored_19,,cage,,29.75,11.075,0,C_19_1,
uored_19,,cage,,29.75,11.14,0,C_19_2,
uored_20,normal,cage,30.139,29.633,11.49,4,C_20_1,normal
uored_20,,cage,,29.45,11.365,1,C_20_2,
uored_10,,normal,,29.933,11.365,0,H_10_0,
uored_11,,normal,,28.483,11.45,0,H_11_0,
uored_12,normal,normal,29.812,28.667,11.365,4,H_12_0,normal
uored_13,,normal,,28.75,11.45,1,H_13_0,
uored_14,,normal,,28.933,11.49,1,H_14_0,
uored_15,normal,normal,29.877,28.667,11.39,3,H_15_0,normal
uored_16,,normal,,29.667,11.515,0,H_16_0,
uored_17,,normal,,30.0,11.315,0,H_17_0,
uored_18,,normal,,29.667,11.315,0,H_18_0,
uored_19,,normal,,29.75,11.19,0,H_19_0,
uored_1,,normal,,30.317,11.44,0,H_1_0,
uored_20,normal,normal,30.218,29.633,11.52,3,H_20_0,normal
uored_2,,normal,,30.0,11.465,0,H_2_0,
uored_3,,normal,,29.833,11.465,2,H_3_0,
uored_4,,normal,,29.817,11.45,2,H_4_0,
uored_5,normal,normal,30.008,29.983,11.44,3,H_5_0,normal
uored_6,normal,normal,29.877,30.3,11.39,4,H_6_0,normal
uored_7,,normal,,31.333,11.39,0,H_7_0,
uored_8,,normal,,32.467,11.115,0,H_8_0,
uored_9,,normal,,30.0,10.6,0,H_9_0,
uored_1,,inner_race,,30.317,10.82,0,I_1_1,
uored_1,,inner_race,,30.317,12.175,0,I_1_2,
uored_2,,inner_race,,30.0,10.69,0,I_2_1,
uored_2,,inner_race,,29.833,11.075,0,I_2_2,
uored_3,,inner_race,,29.833,11.94,0,I_3_1,
uored_3,,inner_race,,29.833,12.14,0,I_3_2,
uored_4,,inner_race,,29.817,10.815,0,I_4_1,
uored_4,,inner_race,,29.867,10.875,0,I_4_2,
uored_5,,inner_race,,29.983,11.575,0,I_5_1,
uored_5,,inner_race,,29.917,10.75,0,I_5_2,
uored_10,,outer_race,,29.933,11.39,2,O_10_1,
uored_10,,outer_race,,29.933,11.39,1,O_10_2,
uored_6,,outer_race,,30.3,11.52,2,O_6_1,
uored_6,,outer_race,,30.3,11.54,2,O_6_2,
uored_7,outer_race,outer_race,29.09,31.333,11.09,3,O_7_1,outer_race
uored_7,outer_race,outer_race,29.09,36.5,11.09,4,O_7_2,outer_race
uored_8,normal,outer_race,29.156,32.467,11.115,3,O_8_1,normal
uored_8,,outer_race,,32.417,11.115,1,O_8_2,
uored_9,outer_race,outer_race,29.943,30.0,11.415,3,O_9_1,outer_race
uored_9,outer_race,outer_race,29.943,30.0,11.415,3,O_9_2,outer_race
