record_id,bearing_id,fault_type,health_state,manufacturer,load_N,arm,speed_source,rpm,rpm_logged,rpm_spectral,band_lo_hz,band_hi_hz,physical_class,lines_BPFO,lines_BPFI,lines_BPFB,p_BPFO,p_BPFI,p_BPFB
B_11_1,uored_11,ball,developing,FAFNIR,0.0,none,spectral_1x,1782.8,1709.0,1782.8,5250.0,7000.0,normal,2,3,14,0.804,0.268,0.046
B_11_1,uored_11,ball,developing,FAFNIR,0.0,none,logged,1709.0,1709.0,1782.8,5250.0,7000.0,normal,1,3,3,0.842,0.324,0.694
B_11_1,uored_11,ball,developing,FAFNIR,0.0,cepstrum,spectral_1x,1782.8,1709.0,1782.8,5250.0,7000.0,normal,2,2,14,0.858,0.264,0.06
B_11_1,uored_11,ball,developing,FAFNIR,0.0,cepstrum,logged,1709.0,1709.0,1782.8,5250.0,7000.0,normal,1,3,3,0.872,0.162,0.67
B_11_2,uored_11,ball,faulty,FAFNIR,0.0,none,spectral_1x,1781.21,1709.0,1781.21,5250.0,7000.0,ball,1,4,20,0.346,0.462,0.002
B_11_2,uored_11,ball,faulty,FAFNIR,0.0,none,logged,1709.0,1709.0,1781.21,5250.0,7000.0,normal,3,3,3,0.372,0.97,0.638
B_11_2,uored_11,ball,faulty,FAFNIR,0.0,cepstrum,spectral_1x,1781.21,1709.0,1781.21,5250.0,7000.0,ball,1,5,19,0.408,0.686,0.014
B_11_2,uored_11,ball,faulty,FAFNIR,0.0,cepstrum,logged,1709.0,1709.0,1781.21,5250.0,7000.0,normal,0,1,2,0.322,0.982,0.688
B_12_1,uored_12,ball,developing,FAFNIR,0.0,none,spectral_1x,1784.5,1720.0,1784.5,7000.0,8750.0,outer_race,2,9,8,0.002,0.002,0.002
B_12_1,uored_12,ball,developing,FAFNIR,0.0,none,logged,1720.0,1720.0,1784.5,7000.0,8750.0,normal,0,1,0,0.884,0.128,0.674
B_12_1,uored_12,ball,developing,FAFNIR,0.0,cepstrum,spectral_1x,1784.5,1720.0,1784.5,0.0,1750.0,normal,0,0,0,0.528,0.51,0.254
B_12_1,uored_12,ball,developing,FAFNIR,0.0,cepstrum,logged,1720.0,1720.0,1784.5,0.0,1750.0,normal,0,0,0,0.764,0.13,0.21
B_12_2,uored_12,ball,faulty,FAFNIR,0.0,none,spectral_1x,1784.88,1720.0,1784.88,10500.0,12250.0,normal,1,0,0,0.606,0.158,0.384
B_12_2,uored_12,ball,faulty,FAFNIR,0.0,none,logged,1720.0,1720.0,1784.88,10500.0,12250.0,normal,0,1,0,0.968,0.556,0.096
B_12_2,uored_12,ball,faulty,FAFNIR,0.0,cepstrum,spectral_1x,1784.88,1720.0,1784.88,0.0,1750.0,normal,0,0,0,0.71,0.448,0.882
B_12_2,uored_12,ball,faulty,FAFNIR,0.0,cepstrum,logged,1720.0,1720.0,1784.88,0.0,1750.0,normal,0,0,0,0.504,0.642,0.694
B_13_1,uored_13,ball,developing,FAFNIR,0.0,none,spectral_1x,1785.47,1725.0,1785.47,5250.0,7000.0,ball,1,10,4,0.446,0.004,0.008
B_13_1,uored_13,ball,developing,FAFNIR,0.0,none,logged,1725.0,1725.0,1785.47,5250.0,7000.0,normal,0,0,1,0.092,0.64,0.71
B_13_1,uored_13,ball,developing,FAFNIR,0.0,cepstrum,spectral_1x,1785.47,1725.0,1785.47,0.0,1750.0,normal,0,0,0,0.638,0.006,0.972
B_13_1,uored_13,ball,developing,FAFNIR,0.0,cepstrum,logged,1725.0,1725.0,1785.47,0.0,1750.0,normal,0,0,0,1.0,0.45,0.998
B_13_2,uored_13,ball,faulty,FAFNIR,0.0,none,spectral_1x,1784.83,1725.0,1784.83,5250.0,7000.0,inner_race,0,10,1,0.212,0.002,0.002
B_13_2,uored_13,ball,faulty,FAFNIR,0.0,none,logged,1725.0,1725.0,1784.83,5250.0,7000.0,normal,1,0,1,0.036,0.456,0.098
B_13_2,uored_13,ball,faulty,FAFNIR,0.0,cepstrum,spectral_1x,1784.83,1725.0,1784.83,0.0,1750.0,normal,0,0,0,0.666,0.968,0.96
B_13_2,uored_13,ball,faulty,FAFNIR,0.0,cepstrum,logged,1725.0,1725.0,1784.83,0.0,1750.0,normal,0,0,0,0.918,0.656,1.0
B_14_1,uored_14,ball,developing,FAFNIR,0.0,none,spectral_1x,1784.63,1736.0,1784.63,8750.0,10500.0,normal,1,1,1,0.352,0.146,0.522
B_14_1,uored_14,ball,developing,FAFNIR,0.0,none,logged,1736.0,1736.0,1784.63,8750.0,10500.0,normal,1,1,0,0.152,0.29,0.758
B_14_1,uored_14,ball,developing,FAFNIR,0.0,cepstrum,spectral_1x,1784.63,1736.0,1784.63,8750.0,10500.0,normal,0,0,0,0.39,0.208,0.426
B_14_1,uored_14,ball,developing,FAFNIR,0.0,cepstrum,logged,1736.0,1736.0,1784.63,8750.0,10500.0,normal,0,0,0,0.03,0.232,0.446
B_14_2,uored_14,ball,faulty,FAFNIR,0.0,none,spectral_1x,1785.06,1736.0,1785.06,10500.0,14000.0,normal,1,1,0,0.088,0.984,0.864
B_14_2,uored_14,ball,faulty,FAFNIR,0.0,none,logged,1736.0,1736.0,1785.06,10500.0,14000.0,normal,0,0,1,0.922,0.854,0.852
B_14_2,uored_14,ball,faulty,FAFNIR,0.0,cepstrum,spectral_1x,1785.06,1736.0,1785.06,12250.0,14000.0,normal,1,0,0,0.042,0.954,0.64
B_14_2,uored_14,ball,faulty,FAFNIR,0.0,cepstrum,logged,1736.0,1736.0,1785.06,12250.0,14000.0,normal,0,0,1,0.466,0.646,0.13
B_15_1,uored_15,ball,developing,FAFNIR,0.0,none,spectral_1x,1783.02,1720.0,1783.02,7000.0,8750.0,normal,1,0,0,0.13,0.284,0.424
B_15_1,uored_15,ball,developing,FAFNIR,0.0,none,logged,1720.0,1720.0,1783.02,7000.0,8750.0,normal,0,0,0,0.272,0.556,0.994
B_15_1,uored_15,ball,developing,FAFNIR,0.0,cepstrum,spectral_1x,1783.02,1720.0,1783.02,0.0,1750.0,normal,0,0,0,0.002,0.97,0.452
B_15_1,uored_15,ball,developing,FAFNIR,0.0,cepstrum,logged,1720.0,1720.0,1783.02,0.0,1750.0,normal,0,0,0,0.606,0.264,0.274
B_15_2,uored_15,ball,faulty,FAFNIR,0.0,none,spectral_1x,1783.89,1722.0,1783.89,8750.0,10500.0,outer_race,4,2,0,0.002,0.116,0.872
B_15_2,uored_15,ball,faulty,FAFNIR,0.0,none,logged,1722.0,1722.0,1783.89,8750.0,10500.0,normal,1,0,2,0.532,0.868,0.506
B_15_2,uored_15,ball,faulty,FAFNIR,0.0,cepstrum,spectral_1x,1783.89,1722.0,1783.89,0.0,1750.0,normal,0,0,0,0.064,0.36,0.262
B_15_2,uored_15,ball,faulty,FAFNIR,0.0,cepstrum,logged,1722.0,1722.0,1783.89,0.0,1750.0,normal,0,0,0,0.908,0.008,0.182
C_16_1,uored_16,cage,developing,FAFNIR,400.0,none,spectral_1x,1796.65,1780.0,1796.65,10500.0,13125.0,normal,0,0,0,0.258,0.384,0.606
C_16_1,uored_16,cage,developing,FAFNIR,400.0,none,logged,1780.0,1780.0,1796.65,10500.0,13125.0,normal,0,0,0,0.278,0.112,0.128
C_16_1,uored_16,cage,developing,FAFNIR,400.0,cepstrum,spectral_1x,1796.65,1780.0,1796.65,10500.0,14000.0,normal,0,0,0,0.812,0.918,0.168
C_16_1,uored_16,cage,developing,FAFNIR,400.0,cepstrum,logged,1780.0,1780.0,1796.65,10500.0,14000.0,normal,0,0,0,0.612,0.98,0.104
C_16_2,uored_16,cage,faulty,FAFNIR,400.0,none,spectral_1x,1765.12,1700.0,1765.12,0.0,1750.0,normal,0,0,0,0.486,0.074,0.114
C_16_2,uored_16,cage,faulty,FAFNIR,400.0,none,logged,1700.0,1700.0,1765.12,0.0,1750.0,normal,0,0,0,0.12,0.978,0.076
C_16_2,uored_16,cage,faulty,FAFNIR,400.0,cepstrum,spectral_1x,1765.12,1700.0,1765.12,0.0,1750.0,normal,0,0,0,0.778,0.632,0.534
C_16_2,uored_16,cage,faulty,FAFNIR,400.0,cepstrum,logged,1700.0,1700.0,1765.12,0.0,1750.0,normal,0,0,0,0.068,0.74,0.344
C_17_1,uored_17,cage,developing,FAFNIR,400.0,none,spectral_1x,1838.66,1800.0,1838.66,10500.0,14000.0,normal,0,0,0,0.478,0.804,0.564
C_17_1,uored_17,cage,developing,FAFNIR,400.0,none,logged,1800.0,1800.0,1838.66,10500.0,14000.0,normal,0,0,0,0.864,0.684,0.848
C_17_1,uored_17,cage,developing,FAFNIR,400.0,cepstrum,spectral_1x,1838.66,1800.0,1838.66,0.0,1750.0,normal,0,0,0,0.604,0.096,0.272
C_17_1,uored_17,cage,developing,FAFNIR,400.0,cepstrum,logged,1800.0,1800.0,1838.66,0.0,1750.0,normal,0,0,0,0.364,0.78,0.564
C_17_2,uored_17,cage,faulty,FAFNIR,400.0,none,spectral_1x,1780.84,1730.0,1780.84,12250.0,14000.0,normal,0,0,0,0.084,0.584,0.788
C_17_2,uored_17,cage,faulty,FAFNIR,400.0,none,logged,1730.0,1730.0,1780.84,12250.0,14000.0,normal,0,0,0,0.504,0.614,0.986
C_17_2,uored_17,cage,faulty,FAFNIR,400.0,cepstrum,spectral_1x,1780.84,1730.0,1780.84,0.0,1750.0,normal,0,0,0,0.12,0.458,0.288
C_17_2,uored_17,cage,faulty,FAFNIR,400.0,cepstrum,logged,1730.0,1730.0,1780.84,0.0,1750.0,normal,0,0,0,0.754,0.376,0.338
C_18_1,uored_18,cage,developing,FAFNIR,400.0,none,spectral_1x,1818.85,1780.0,1818.85,12250.0,14000.0,normal,0,1,1,0.452,0.888,0.962
C_18_1,uored_18,cage,developing,FAFNIR,400.0,none,logged,1780.0,1780.0,1818.85,12250.0,14000.0,normal,0,2,1,0.736,0.622,0.002
C_18_1,uored_18,cage,developing,FAFNIR,400.0,cepstrum,spectral_1x,1818.85,1780.0,1818.85,12250.0,14000.0,normal,0,0,0,0.508,0.956,0.35
C_18_1,uored_18,cage,developing,FAFNIR,400.0,cepstrum,logged,1780.0,1780.0,1818.85,12250.0,14000.0,normal,0,0,0,0.808,0.614,0.082
C_18_2,uored_18,cage,faulty,FAFNIR,400.0,none,spectral_1x,1817.66,1780.0,1817.66,5250.0,7875.0,ball,1,6,7,0.646,0.972,0.008
C_18_2,uored_18,cage,faulty,FAFNIR,400.0,none,logged,1780.0,1780.0,1817.66,5250.0,7875.0,ball,1,6,7,0.522,0.434,0.002
C_18_2,uored_18,cage,faulty,FAFNIR,400.0,cepstrum,spectral_1x,1817.66,1780.0,1817.66,12250.0,14000.0,normal,0,0,0,0.688,0.828,0.09
C_18_2,uored_18,cage,faulty,FAFNIR,400.0,cepstrum,logged,1780.0,1780.0,1817.66,12250.0,14000.0,ball,0,0,2,0.072,0.672,0.002
C_19_1,uored_19,cage,developing,FAFNIR,400.0,none,spectral_1x,1840.27,1785.0,1840.27,12250.0,14000.0,normal,1,0,0,0.634,0.19,0.72
C_19_1,uored_19,cage,developing,FAFNIR,400.0,none,logged,1785.0,1785.0,1840.27,12250.0,14000.0,ball,0,5,4,0.732,0.002,0.002
C_19_1,uored_19,cage,developing,FAFNIR,400.0,cepstrum,spectral_1x,1840.27,1785.0,1840.27,0.0,1750.0,normal,0,0,0,0.228,0.368,0.854
C_19_1,uored_19,cage,developing,FAFNIR,400.0,cepstrum,logged,1785.0,1785.0,1840.27,0.0,1750.0,normal,0,0,0,0.588,0.186,0.434
C_19_2,uored_19,cage,faulty,FAFNIR,400.0,none,spectral_1x,1796.89,1785.0,1796.89,0.0,1750.0,normal,0,0,2,0.098,0.156,0.074
C_19_2,uored_19,cage,faulty,FAFNIR,400.0,none,logged,1785.0,1785.0,1796.89,0.0,1750.0,normal,1,0,2,0.092,0.592,0.08
C_19_2,uored_19,cage,faulty,FAFNIR,400.0,cepstrum,spectral_1x,1796.89,1785.0,1796.89,0.0,1750.0,normal,0,0,0,0.938,0.628,0.812
C_19_2,uored_19,cage,faulty,FAFNIR,400.0,cepstrum,logged,1785.0,1785.0,1796.89,0.0,1750.0,normal,0,0,0,0.964,0.312,0.264
C_20_1,uored_20,cage,developing,FAFNIR,400.0,none,spectral_1x,1782.57,1778.0,1782.57,7000.0,8750.0,normal,1,1,1,0.048,0.04,0.886
C_20_1,uored_20,cage,developing,FAFNIR,400.0,none,logged,1778.0,1778.0,1782.57,7000.0,8750.0,normal,0,1,0,0.568,0.696,0.826
C_20_1,uored_20,cage,developing,FAFNIR,400.0,cepstrum,spectral_1x,1782.57,1778.0,1782.57,0.0,1750.0,normal,0,0,0,0.404,0.656,0.786
C_20_1,uored_20,cage,developing,FAFNIR,400.0,cepstrum,logged,1778.0,1778.0,1782.57,0.0,1750.0,normal,0,0,0,0.542,0.356,0.378
C_20_2,uored_20,cage,faulty,FAFNIR,400.0,none,spectral_1x,1768.42,1767.0,1768.42,12250.0,14000.0,outer_race,5,25,5,0.002,0.002,0.002
C_20_2,uored_20,cage,faulty,FAFNIR,400.0,none,logged,1767.0,1767.0,1768.42,12250.0,14000.0,outer_race,3,25,5,0.002,0.002,0.002
C_20_2,uored_20,cage,faulty,FAFNIR,400.0,cepstrum,spectral_1x,1768.42,1767.0,1768.42,0.0,1750.0,normal,1,1,0,0.002,0.002,0.788
C_20_2,uored_20,cage,faulty,FAFNIR,400.0,cepstrum,logged,1767.0,1767.0,1768.42,0.0,1750.0,normal,1,1,0,0.002,0.002,0.886
H_10_0,uored_10,normal,healthy,FAFNIR,400.0,none,spectral_1x,1784.39,1796.0,1784.39,1750.0,3500.0,normal,2,10,9,0.47,0.432,0.108
H_10_0,uored_10,normal,healthy,FAFNIR,400.0,none,logged,1796.0,1796.0,1784.39,1750.0,3500.0,normal,1,9,4,0.758,0.022,0.922
H_10_0,uored_10,normal,healthy,FAFNIR,400.0,cepstrum,spectral_1x,1784.39,1796.0,1784.39,0.0,1750.0,normal,0,0,0,0.018,0.588,0.522
H_10_0,uored_10,normal,healthy,FAFNIR,400.0,cepstrum,logged,1796.0,1796.0,1784.39,0.0,1750.0,normal,0,0,0,0.044,0.402,0.398
H_11_0,uored_11,normal,healthy,FAFNIR,400.0,none,spectral_1x,1784.25,1709.0,1784.25,10500.0,13125.0,normal,1,1,1,0.042,0.256,0.094
H_11_0,uored_11,normal,healthy,FAFNIR,400.0,none,logged,1709.0,1709.0,1784.25,10500.0,13125.0,normal,1,0,1,0.546,0.814,0.828
H_11_0,uored_11,normal,healthy,FAFNIR,400.0,cepstrum,spectral_1x,1784.25,1709.0,1784.25,0.0,1750.0,normal,0,0,0,0.468,0.464,0.926
H_11_0,uored_11,normal,healthy,FAFNIR,400.0,cepstrum,logged,1709.0,1709.0,1784.25,0.0,1750.0,normal,0,0,0,0.808,0.604,0.514
H_12_0,uored_12,normal,healthy,FAFNIR,400.0,none,spectral_1x,1784.03,1720.0,1784.03,7000.0,8750.0,ball,1,3,3,0.132,0.148,0.006
H_12_0,uored_12,normal,healthy,FAFNIR,400.0,none,logged,1720.0,1720.0,1784.03,7000.0,8750.0,normal,0,0,0,0.55,0.864,0.912
H_12_0,uored_12,normal,healthy,FAFNIR,400.0,cepstrum,spectral_1x,1784.03,1720.0,1784.03,0.0,1750.0,normal,0,0,0,0.002,0.002,0.066
H_12_0,uored_12,normal,healthy,FAFNIR,400.0,cepstrum,logged,1720.0,1720.0,1784.03,0.0,1750.0,normal,0,0,0,0.012,0.56,0.358
H_13_0,uored_13,normal,healthy,FAFNIR,400.0,none,spectral_1x,1782.48,1725.0,1782.48,5250.0,7000.0,ball,0,6,3,0.126,0.018,0.002
H_13_0,uored_13,normal,healthy,FAFNIR,400.0,none,logged,1725.0,1725.0,1782.48,5250.0,7000.0,normal,0,0,2,0.186,0.806,0.088
H_13_0,uored_13,normal,healthy,FAFNIR,400.0,cepstrum,spectral_1x,1782.48,1725.0,1782.48,0.0,1750.0,normal,0,0,0,0.944,0.036,0.334
H_13_0,uored_13,normal,healthy,FAFNIR,400.0,cepstrum,logged,1725.0,1725.0,1782.48,0.0,1750.0,normal,0,0,0,0.298,0.868,0.008
H_14_0,uored_14,normal,healthy,FAFNIR,400.0,none,spectral_1x,1784.3,1736.0,1784.3,8750.0,10500.0,outer_race,5,6,3,0.002,0.146,0.598
H_14_0,uored_14,normal,healthy,FAFNIR,400.0,none,logged,1736.0,1736.0,1784.3,8750.0,10500.0,normal,2,3,2,0.484,0.298,0.412
H_14_0,uored_14,normal,healthy,FAFNIR,400.0,cepstrum,spectral_1x,1784.3,1736.0,1784.3,0.0,1750.0,normal,0,0,0,0.442,0.066,0.83
H_14_0,uored_14,normal,healthy,FAFNIR,400.0,cepstrum,logged,1736.0,1736.0,1784.3,0.0,1750.0,normal,0,0,0,0.652,0.9,0.192
H_15_0,uored_15,normal,healthy,FAFNIR,400.0,none,spectral_1x,1782.73,1720.0,1782.73,7000.0,8750.0,outer_race,4,10,5,0.002,0.088,0.204
H_15_0,uored_15,normal,healthy,FAFNIR,400.0,none,logged,1720.0,1720.0,1782.73,7000.0,8750.0,normal,4,2,1,0.076,0.224,0.942
H_15_0,uored_15,normal,healthy,FAFNIR,400.0,cepstrum,spectral_1x,1782.73,1720.0,1782.73,0.0,1750.0,normal,0,0,0,0.002,0.296,0.026
H_15_0,uored_15,normal,healthy,FAFNIR,400.0,cepstrum,logged,1720.0,1720.0,1782.73,0.0,1750.0,normal,0,0,0,0.138,0.814,0.038
H_16_0,uored_16,normal,healthy,FAFNIR,400.0,none,spectral_1x,1802.95,1780.0,1802.95,12250.0,14000.0,normal,0,0,0,0.436,0.542,0.316
H_16_0,uored_16,normal,healthy,FAFNIR,400.0,none,logged,1780.0,1780.0,1802.95,12250.0,14000.0,normal,0,0,0,0.786,0.626,0.87
H_16_0,uored_16,normal,healthy,FAFNIR,400.0,cepstrum,spectral_1x,1802.95,1780.0,1802.95,12250.0,14000.0,normal,0,0,0,0.496,0.676,0.754
H_16_0,uored_16,normal,healthy,FAFNIR,400.0,cepstrum,logged,1780.0,1780.0,1802.95,12250.0,14000.0,normal,0,0,0,0.914,0.74,0.194
H_17_0,uored_17,normal,healthy,FAFNIR,400.0,none,spectral_1x,1841.45,1800.0,1841.45,7000.0,14000.0,normal,0,0,0,0.814,0.468,0.508
H_17_0,uored_17,normal,healthy,FAFNIR,400.0,none,logged,1800.0,1800.0,1841.45,7000.0,14000.0,normal,2,2,0,0.058,0.784,0.594
H_17_0,uored_17,normal,healthy,FAFNIR,400.0,cepstrum,spectral_1x,1841.45,1800.0,1841.45,0.0,1750.0,normal,0,0,0,0.96,0.152,0.376
H_17_0,uored_17,normal,healthy,FAFNIR,400.0,cepstrum,logged,1800.0,1800.0,1841.45,0.0,1750.0,normal,0,0,0,0.174,0.976,0.13
H_18_0,uored_18,normal,healthy,FAFNIR,400.0,none,spectral_1x,1853.2,1780.0,1853.2,10500.0,14000.0,normal,0,0,2,0.988,0.956,0.65
H_18_0,uored_18,normal,healthy,FAFNIR,400.0,none,logged,1780.0,1780.0,1853.2,10500.0,14000.0,normal,1,1,2,0.242,0.11,0.496
H_18_0,uored_18,normal,healthy,FAFNIR,400.0,cepstrum,spectral_1x,1853.2,1780.0,1853.2,10500.0,14000.0,normal,0,0,0,0.93,0.49,0.914
H_18_0,uored_18,normal,healthy,FAFNIR,400.0,cepstrum,logged,1780.0,1780.0,1853.2,10500.0,14000.0,normal,0,0,0,0.002,0.832,0.748
H_19_0,uored_19,normal,healthy,FAFNIR,400.0,none,spectral_1x,1800.13,1785.0,1800.13,3500.0,7000.0,normal,0,2,3,0.246,0.378,0.17
H_19_0,uored_19,normal,healthy,FAFNIR,400.0,none,logged,1785.0,1785.0,1800.13,3500.0,7000.0,normal,0,0,3,0.206,0.996,0.63
H_19_0,uored_19,normal,healthy,FAFNIR,400.0,cepstrum,spectral_1x,1800.13,1785.0,1800.13,0.0,10500.0,normal,0,0,0,0.006,0.386,0.568
H_19_0,uored_19,normal,healthy,FAFNIR,400.0,cepstrum,logged,1785.0,1785.0,1800.13,0.0,10500.0,normal,0,0,0,0.022,0.98,0.544
H_1_0,uored_1,normal,healthy,NSK,400.0,none,spectral_1x,1781.86,1819.0,1781.86,0.0,2625.0,inner_race,2,5,4,0.06,0.014,0.214
H_1_0,uored_1,normal,healthy,NSK,400.0,none,logged,1819.0,1819.0,1781.86,0.0,2625.0,outer_race,2,1,3,0.002,0.046,0.704
H_1_0,uored_1,normal,healthy,NSK,400.0,cepstrum,spectral_1x,1781.86,1819.0,1781.86,0.0,1750.0,normal,0,0,0,0.01,0.66,0.43
H_1_0,uored_1,normal,healthy,NSK,400.0,cepstrum,logged,1819.0,1819.0,1781.86,0.0,1750.0,normal,0,0,0,0.228,0.188,0.784
H_20_0,uored_20,normal,healthy,FAFNIR,400.0,none,spectral_1x,1784.74,1778.0,1784.74,10500.0,13125.0,normal,3,6,2,0.306,0.346,0.84
H_20_0,uored_20,normal,healthy,FAFNIR,400.0,none,logged,1778.0,1778.0,1784.74,10500.0,13125.0,normal,2,4,4,0.34,0.532,0.622
H_20_0,uored_20,normal,healthy,FAFNIR,400.0,cepstrum,spectral_1x,1784.74,1778.0,1784.74,0.0,1750.0,normal,0,0,0,0.844,0.718,0.25
H_20_0,uored_20,normal,healthy,FAFNIR,400.0,cepstrum,logged,1778.0,1778.0,1784.74,0.0,1750.0,normal,0,0,0,0.628,0.942,0.048
H_2_0,uored_2,normal,healthy,NSK,400.0,none,spectral_1x,1784.91,1800.0,1784.91,5250.0,10500.0,normal,2,1,2,0.116,0.55,0.758
H_2_0,uored_2,normal,healthy,NSK,400.0,none,logged,1800.0,1800.0,1784.91,5250.0,10500.0,inner_race,4,3,1,0.002,0.002,0.19
H_2_0,uored_2,normal,healthy,NSK,400.0,cepstrum,spectral_1x,1784.91,1800.0,1784.91,0.0,1750.0,normal,0,0,0,0.784,0.002,0.002
H_2_0,uored_2,normal,healthy,NSK,400.0,cepstrum,logged,1800.0,1800.0,1784.91,0.0,1750.0,normal,0,0,0,0.908,0.08,0.108
H_3_0,uored_3,normal,healthy,NSK,400.0,none,spectral_1x,1784.7,1790.0,1784.7,7000.0,8750.0,normal,0,1,1,0.07,0.336,0.974
H_3_0,uored_3,normal,healthy,NSK,400.0,none,logged,1790.0,1790.0,1784.7,7000.0,8750.0,normal,0,0,1,0.072,0.306,0.272
H_3_0,uored_3,normal,healthy,NSK,400.0,cepstrum,spectral_1x,1784.7,1790.0,1784.7,0.0,1750.0,normal,0,0,0,0.002,0.062,0.054
H_3_0,uored_3,normal,healthy,NSK,400.0,cepstrum,logged,1790.0,1790.0,1784.7,0.0,1750.0,normal,0,0,0,0.002,0.002,0.064
H_4_0,uored_4,normal,healthy,NSK,400.0,none,spectral_1x,1784.39,1789.0,1784.39,7875.0,10500.0,outer_race,3,1,1,0.002,0.52,0.332
H_4_0,uored_4,normal,healthy,NSK,400.0,none,logged,1789.0,1789.0,1784.39,7875.0,10500.0,normal,2,1,1,0.046,0.526,0.324
H_4_0,uored_4,normal,healthy,NSK,400.0,cepstrum,spectral_1x,1784.39,1789.0,1784.39,0.0,1750.0,normal,0,0,0,0.002,0.964,0.404
H_4_0,uored_4,normal,healthy,NSK,400.0,cepstrum,logged,1789.0,1789.0,1784.39,0.0,1750.0,normal,0,0,0,0.002,0.916,0.3
H_5_0,uored_5,normal,healthy,NSK,400.0,none,spectral_1x,1783.92,1799.0,1783.92,10500.0,13125.0,normal,4,4,1,0.042,0.742,0.366
H_5_0,uored_5,normal,healthy,NSK,400.0,none,logged,1799.0,1799.0,1783.92,10500.0,13125.0,normal,4,2,1,0.056,0.492,0.754
H_5_0,uored_5,normal,healthy,NSK,400.0,cepstrum,spectral_1x,1783.92,1799.0,1783.92,0.0,1750.0,normal,0,0,0,0.002,0.65,0.304
H_5_0,uored_5,normal,healthy,NSK,400.0,cepstrum,logged,1799.0,1799.0,1783.92,0.0,1750.0,normal,0,0,0,0.002,0.368,0.324
H_6_0,uored_6,normal,healthy,FAFNIR,400.0,none,spectral_1x,1784.24,1818.0,1784.24,7000.0,8750.0,normal,1,3,3,0.192,0.094,0.068
H_6_0,uored_6,normal,healthy,FAFNIR,400.0,none,logged,1818.0,1818.0,1784.24,7000.0,8750.0,normal,1,1,1,0.2,0.614,0.43
H_6_0,uored_6,normal,healthy,FAFNIR,400.0,cepstrum,spectral_1x,1784.24,1818.0,1784.24,0.0,1750.0,normal,0,0,0,0.072,0.288,0.362
H_6_0,uored_6,normal,healthy,FAFNIR,400.0,cepstrum,logged,1818.0,1818.0,1784.24,0.0,1750.0,normal,0,0,0,0.03,0.464,0.026
H_7_0,uored_7,normal,healthy,FAFNIR,400.0,none,spectral_1x,1781.72,1880.0,1781.72,12250.0,14000.0,outer_race,3,0,0,0.002,0.956,0.962
H_7_0,uored_7,normal,healthy,FAFNIR,400.0,none,logged,1880.0,1880.0,1781.72,12250.0,14000.0,normal,0,1,0,0.372,0.018,0.004
H_7_0,uored_7,normal,healthy,FAFNIR,400.0,cepstrum,spectral_1x,1781.72,1880.0,1781.72,0.0,1750.0,normal,0,0,0,0.188,1.0,0.032
H_7_0,uored_7,normal,healthy,FAFNIR,400.0,cepstrum,logged,1880.0,1880.0,1781.72,0.0,1750.0,normal,0,0,0,0.02,0.498,0.728
H_8_0,uored_8,normal,healthy,FAFNIR,400.0,none,spectral_1x,1785.89,1948.0,1785.89,1750.0,3500.0,inner_race,0,3,0,0.192,0.016,0.444
H_8_0,uored_8,normal,healthy,FAFNIR,400.0,none,logged,1948.0,1948.0,1785.89,1750.0,3500.0,normal,0,0,0,0.452,0.688,1.0
H_8_0,uored_8,normal,healthy,FAFNIR,400.0,cepstrum,spectral_1x,1785.89,1948.0,1785.89,0.0,1750.0,normal,0,0,0,0.326,0.756,0.902
H_8_0,uored_8,normal,healthy,FAFNIR,400.0,cepstrum,logged,1948.0,1948.0,1785.89,0.0,1750.0,normal,0,0,0,0.002,0.994,0.334
H_9_0,uored_9,normal,healthy,FAFNIR,400.0,none,spectral_1x,1785.24,1800.0,1785.24,10500.0,14000.0,outer_race,2,7,1,0.002,0.076,0.346
H_9_0,uored_9,normal,healthy,FAFNIR,400.0,none,logged,1800.0,1800.0,1785.24,10500.0,14000.0,outer_race,2,11,1,0.002,0.004,0.136
H_9_0,uored_9,normal,healthy,FAFNIR,400.0,cepstrum,spectral_1x,1785.24,1800.0,1785.24,0.0,1750.0,normal,0,0,0,0.108,0.414,0.76
H_9_0,uored_9,normal,healthy,FAFNIR,400.0,cepstrum,logged,1800.0,1800.0,1785.24,0.0,1750.0,normal,0,0,0,0.074,0.566,0.638
I_1_1,uored_1,inner_race,developing,NSK,400.0,none,spectral_1x,1773.98,1819.0,1773.98,8750.0,10500.0,outer_race,5,25,4,0.002,0.002,0.624
I_1_1,uored_1,inner_race,developing,NSK,400.0,none,logged,1819.0,1819.0,1773.98,8750.0,10500.0,normal,1,5,1,0.562,0.082,0.496
I_1_1,uored_1,inner_race,developing,NSK,400.0,cepstrum,spectral_1x,1773.98,1819.0,1773.98,0.0,1750.0,normal,0,0,0,0.136,0.002,0.148
I_1_1,uored_1,inner_race,developing,NSK,400.0,cepstrum,logged,1819.0,1819.0,1773.98,0.0,1750.0,normal,0,0,0,0.816,0.442,0.248
I_1_2,uored_1,inner_race,faulty,NSK,400.0,none,spectral_1x,1782.69,1819.0,1782.69,5250.0,7000.0,inner_race,1,10,3,0.002,0.002,0.05
I_1_2,uored_1,inner_race,faulty,NSK,400.0,none,logged,1819.0,1819.0,1782.69,5250.0,7000.0,inner_race,1,7,3,0.016,0.002,0.098
I_1_2,uored_1,inner_race,faulty,NSK,400.0,cepstrum,spectral_1x,1782.69,1819.0,1782.69,2625.0,5250.0,outer_race,3,13,1,0.002,0.002,0.378
I_1_2,uored_1,inner_race,faulty,NSK,400.0,cepstrum,logged,1819.0,1819.0,1782.69,2625.0,5250.0,inner_race,0,11,5,0.144,0.002,0.886
I_2_1,uored_2,inner_race,developing,NSK,400.0,none,spectral_1x,1777.91,1800.0,1777.91,10500.0,14000.0,outer_race,5,25,5,0.002,0.002,0.03
I_2_1,uored_2,inner_race,developing,NSK,400.0,none,logged,1800.0,1800.0,1777.91,10500.0,14000.0,normal,0,7,3,0.432,0.022,0.226
I_2_1,uored_2,inner_race,developing,NSK,400.0,cepstrum,spectral_1x,1777.91,1800.0,1777.91,10500.0,14000.0,outer_race,5,25,5,0.002,0.002,0.02
I_2_1,uored_2,inner_race,developing,NSK,400.0,cepstrum,logged,1800.0,1800.0,1777.91,10500.0,14000.0,inner_race,1,6,3,0.342,0.002,0.63
I_2_2,uored_2,inner_race,faulty,NSK,400.0,none,spectral_1x,1767.2,1790.0,1767.2,12250.0,14000.0,outer_race,2,12,4,0.002,0.002,0.562
I_2_2,uored_2,inner_race,faulty,NSK,400.0,none,logged,1790.0,1790.0,1767.2,12250.0,14000.0,inner_race,0,2,4,0.276,0.002,0.23
I_2_2,uored_2,inner_race,faulty,NSK,400.0,cepstrum,spectral_1x,1767.2,1790.0,1767.2,0.0,1750.0,normal,0,0,1,0.002,0.002,0.098
I_2_2,uored_2,inner_race,faulty,NSK,400.0,cepstrum,logged,1790.0,1790.0,1767.2,0.0,1750.0,normal,0,0,0,0.002,0.002,0.488
I_3_1,uored_3,inner_race,developing,NSK,400.0,none,spectral_1x,1768.61,1790.0,1768.61,5250.0,7875.0,outer_race,5,25,5,0.002,0.002,0.606
I_3_1,uored_3,inner_race,developing,NSK,400.0,none,logged,1790.0,1790.0,1768.61,5250.0,7875.0,inner_race,0,5,5,0.874,0.002,0.374
I_3_1,uored_3,inner_race,developing,NSK,400.0,cepstrum,spectral_1x,1768.61,1790.0,1768.61,0.0,1750.0,normal,0,0,0,0.092,0.004,0.494
I_3_1,uored_3,inner_race,developing,NSK,400.0,cepstrum,logged,1790.0,1790.0,1768.61,0.0,1750.0,normal,0,0,0,0.748,0.05,0.346
I_3_2,uored_3,inner_race,faulty,NSK,400.0,none,spectral_1x,1769.47,1790.0,1769.47,5250.0,7000.0,outer_race,5,25,1,0.002,0.002,0.754
I_3_2,uored_3,inner_race,faulty,NSK,400.0,none,logged,1790.0,1790.0,1769.47,5250.0,7000.0,inner_race,1,9,5,0.028,0.002,0.766
I_3_2,uored_3,inner_race,faulty,NSK,400.0,cepstrum,spectral_1x,1769.47,1790.0,1769.47,0.0,1750.0,normal,0,0,0,0.06,0.002,0.032
I_3_2,uored_3,inner_race,faulty,NSK,400.0,cepstrum,logged,1790.0,1790.0,1769.47,0.0,1750.0,normal,0,0,0,0.814,0.002,0.184
I_4_1,uored_4,inner_race,developing,NSK,400.0,none,spectral_1x,1767.78,1789.0,1767.78,10500.0,13125.0,outer_race,5,25,2,0.002,0.002,0.976
I_4_1,uored_4,inner_race,developing,NSK,400.0,none,logged,1789.0,1789.0,1767.78,10500.0,13125.0,inner_race,2,9,6,0.23,0.002,0.014
I_4_1,uored_4,inner_race,developing,NSK,400.0,cepstrum,spectral_1x,1767.78,1789.0,1767.78,10500.0,13125.0,outer_race,5,25,2,0.002,0.002,0.978
I_4_1,uored_4,inner_race,developing,NSK,400.0,cepstrum,logged,1789.0,1789.0,1767.78,10500.0,13125.0,inner_race,2,8,6,0.002,0.002,0.116
I_4_2,uored_4,inner_race,faulty,NSK,400.0,none,spectral_1x,1776.68,1792.0,1776.68,10500.0,14000.0,outer_race,5,25,5,0.002,0.002,0.878
I_4_2,uored_4,inner_race,faulty,NSK,400.0,none,logged,1792.0,1792.0,1776.68,10500.0,14000.0,inner_race,1,9,1,0.19,0.002,1.0
I_4_2,uored_4,inner_race,faulty,NSK,400.0,cepstrum,spectral_1x,1776.68,1792.0,1776.68,10500.0,13125.0,outer_race,5,25,2,0.002,0.002,0.888
I_4_2,uored_4,inner_race,faulty,NSK,400.0,cepstrum,logged,1792.0,1792.0,1776.68,10500.0,13125.0,inner_race,1,9,1,0.024,0.002,0.976
I_5_1,uored_5,inner_race,developing,NSK,400.0,none,spectral_1x,1780.1,1799.0,1780.1,10500.0,14000.0,outer_race,3,8,1,0.002,0.002,0.124
I_5_1,uored_5,inner_race,developing,NSK,400.0,none,logged,1799.0,1799.0,1780.1,10500.0,14000.0,normal,0,1,0,0.25,0.026,0.952
I_5_1,uored_5,inner_race,developing,NSK,400.0,cepstrum,spectral_1x,1780.1,1799.0,1780.1,10500.0,14000.0,outer_race,3,8,1,0.002,0.002,0.11
I_5_1,uored_5,inner_race,developing,NSK,400.0,cepstrum,logged,1799.0,1799.0,1780.1,10500.0,14000.0,normal,0,1,0,0.188,0.004,0.968
I_5_2,uored_5,inner_race,faulty,NSK,400.0,none,spectral_1x,1774.98,1795.0,1774.98,3500.0,7000.0,outer_race,5,25,2,0.002,0.002,0.86
I_5_2,uored_5,inner_race,faulty,NSK,400.0,none,logged,1795.0,1795.0,1774.98,3500.0,7000.0,inner_race,1,8,1,0.028,0.004,0.974
I_5_2,uored_5,inner_race,faulty,NSK,400.0,cepstrum,spectral_1x,1774.98,1795.0,1774.98,3500.0,7000.0,outer_race,5,24,2,0.002,0.002,0.736
I_5_2,uored_5,inner_race,faulty,NSK,400.0,cepstrum,logged,1795.0,1795.0,1774.98,3500.0,7000.0,inner_race,1,5,3,0.252,0.006,0.74
O_10_1,uored_10,outer_race,developing,FAFNIR,400.0,none,spectral_1x,1784.36,1796.0,1784.36,10500.0,14000.0,outer_race,4,6,4,0.002,0.154,0.834
O_10_1,uored_10,outer_race,developing,FAFNIR,400.0,none,logged,1796.0,1796.0,1784.36,10500.0,14000.0,outer_race,5,5,5,0.002,0.692,0.472
O_10_1,uored_10,outer_race,developing,FAFNIR,400.0,cepstrum,spectral_1x,1784.36,1796.0,1784.36,0.0,1750.0,normal,0,0,0,0.002,0.19,0.674
O_10_1,uored_10,outer_race,developing,FAFNIR,400.0,cepstrum,logged,1796.0,1796.0,1784.36,0.0,1750.0,normal,0,0,0,0.002,0.726,0.346
O_10_2,uored_10,outer_race,faulty,FAFNIR,400.0,none,spectral_1x,1783.91,1796.0,1783.91,10500.0,14000.0,outer_race,4,5,3,0.002,0.214,0.854
O_10_2,uored_10,outer_race,faulty,FAFNIR,400.0,none,logged,1796.0,1796.0,1783.91,10500.0,14000.0,outer_race,5,1,7,0.002,0.382,0.282
O_10_2,uored_10,outer_race,faulty,FAFNIR,400.0,cepstrum,spectral_1x,1783.91,1796.0,1783.91,0.0,1750.0,normal,1,0,0,0.002,0.964,0.524
O_10_2,uored_10,outer_race,faulty,FAFNIR,400.0,cepstrum,logged,1796.0,1796.0,1783.91,0.0,1750.0,normal,1,0,0,0.002,0.934,0.518
O_6_1,uored_6,outer_race,developing,FAFNIR,400.0,none,spectral_1x,1783.85,1818.0,1783.85,10500.0,14000.0,outer_race,5,3,3,0.002,0.368,0.802
O_6_1,uored_6,outer_race,developing,FAFNIR,400.0,none,logged,1818.0,1818.0,1783.85,10500.0,14000.0,outer_race,5,1,2,0.002,0.718,0.782
O_6_1,uored_6,outer_race,developing,FAFNIR,400.0,cepstrum,spectral_1x,1783.85,1818.0,1783.85,10500.0,14000.0,outer_race,5,2,3,0.002,0.58,0.796
O_6_1,uored_6,outer_race,developing,FAFNIR,400.0,cepstrum,logged,1818.0,1818.0,1783.85,10500.0,14000.0,outer_race,5,0,3,0.002,0.85,0.764
O_6_2,uored_6,outer_race,faulty,FAFNIR,400.0,none,spectral_1x,1784.27,1818.0,1784.27,10500.0,14000.0,outer_race,5,3,3,0.014,0.994,0.656
O_6_2,uored_6,outer_race,faulty,FAFNIR,400.0,none,logged,1818.0,1818.0,1784.27,10500.0,14000.0,outer_race,5,2,6,0.002,0.762,0.532
O_6_2,uored_6,outer_race,faulty,FAFNIR,400.0,cepstrum,spectral_1x,1784.27,1818.0,1784.27,10500.0,14000.0,normal,5,3,2,0.046,0.756,0.77
O_6_2,uored_6,outer_race,faulty,FAFNIR,400.0,cepstrum,logged,1818.0,1818.0,1784.27,10500.0,14000.0,outer_race,5,3,5,0.01,0.734,0.432
O_7_1,uored_7,outer_race,developing,FAFNIR,400.0,none,spectral_1x,1784.16,1880.0,1784.16,5250.0,10500.0,outer_race,5,7,1,0.002,0.042,0.826
O_7_1,uored_7,outer_race,developing,FAFNIR,400.0,none,logged,1880.0,1880.0,1784.16,5250.0,10500.0,normal,1,0,1,0.866,0.786,0.364
O_7_1,uored_7,outer_race,developing,FAFNIR,400.0,cepstrum,spectral_1x,1784.16,1880.0,1784.16,7000.0,14000.0,outer_race,5,7,2,0.002,0.006,0.886
O_7_1,uored_7,outer_race,developing,FAFNIR,400.0,cepstrum,logged,1880.0,1880.0,1784.16,7000.0,14000.0,normal,1,0,2,0.9,0.756,0.422
O_7_2,uored_7,outer_race,faulty,FAFNIR,400.0,none,spectral_1x,1785.15,2190.0,1785.15,5250.0,10500.0,outer_race,4,5,1,0.002,0.004,0.822
O_7_2,uored_7,outer_race,faulty,FAFNIR,400.0,none,logged,2190.0,2190.0,1785.15,5250.0,10500.0,outer_race,3,1,0,0.002,0.714,0.728
O_7_2,uored_7,outer_race,faulty,FAFNIR,400.0,cepstrum,spectral_1x,1785.15,2190.0,1785.15,7000.0,14000.0,outer_race,4,5,1,0.002,0.066,0.706
O_7_2,uored_7,outer_race,faulty,FAFNIR,400.0,cepstrum,logged,2190.0,2190.0,1785.15,7000.0,14000.0,outer_race,3,1,0,0.002,0.658,0.712
O_8_1,uored_8,outer_race,developing,FAFNIR,400.0,none,spectral_1x,1785.84,1948.0,1785.84,1750.0,3500.0,normal,0,0,0,0.986,0.942,0.458
O_8_1,uored_8,outer_race,developing,FAFNIR,400.0,none,logged,1948.0,1948.0,1785.84,1750.0,3500.0,normal,1,0,0,0.09,0.09,0.7
O_8_1,uored_8,outer_race,developing,FAFNIR,400.0,cepstrum,spectral_1x,1785.84,1948.0,1785.84,1750.0,3500.0,normal,0,1,1,0.872,0.334,0.518
O_8_1,uored_8,outer_race,developing,FAFNIR,400.0,cepstrum,logged,1948.0,1948.0,1785.84,1750.0,3500.0,normal,1,0,0,0.244,0.022,0.762
O_8_2,uored_8,outer_race,faulty,FAFNIR,400.0,none,spectral_1x,1785.7,1945.0,1785.7,3500.0,7000.0,normal,0,0,0,0.762,0.41,0.112
O_8_2,uored_8,outer_race,faulty,FAFNIR,400.0,none,logged,1945.0,1945.0,1785.7,3500.0,7000.0,normal,0,0,0,0.754,0.636,0.022
O_8_2,uored_8,outer_race,faulty,FAFNIR,400.0,cepstrum,spectral_1x,1785.7,1945.0,1785.7,3500.0,7000.0,normal,0,0,0,0.714,0.09,0.112
O_8_2,uored_8,outer_race,faulty,FAFNIR,400.0,cepstrum,logged,1945.0,1945.0,1785.7,3500.0,7000.0,normal,0,0,0,0.866,0.344,0.114
O_9_1,uored_9,outer_race,developing,FAFNIR,400.0,none,spectral_1x,1784.94,1800.0,1784.94,7000.0,14000.0,normal,5,5,6,0.072,0.826,0.41
O_9_1,uored_9,outer_race,developing,FAFNIR,400.0,none,logged,1800.0,1800.0,1784.94,7000.0,14000.0,normal,5,2,8,0.066,0.916,0.326
O_9_1,uored_9,outer_race,developing,FAFNIR,400.0,cepstrum,spectral_1x,1784.94,1800.0,1784.94,10500.0,14000.0,outer_race,5,5,1,0.002,0.356,0.71
O_9_1,uored_9,outer_race,developing,FAFNIR,400.0,cepstrum,logged,1800.0,1800.0,1784.94,10500.0,14000.0,outer_race,5,1,2,0.002,0.984,0.468
O_9_2,uored_9,outer_race,faulty,FAFNIR,400.0,none,spectral_1x,1784.91,1800.0,1784.91,7000.0,14000.0,normal,5,6,8,0.046,0.088,0.73
O_9_2,uored_9,outer_race,faulty,FAFNIR,400.0,none,logged,1800.0,1800.0,1784.91,7000.0,14000.0,normal,5,1,7,0.056,0.794,0.334
O_9_2,uored_9,outer_race,faulty,FAFNIR,400.0,cepstrum,spectral_1x,1784.91,1800.0,1784.91,10500.0,14000.0,normal,4,5,7,0.046,0.214,0.628
O_9_2,uored_9,outer_race,faulty,FAFNIR,400.0,cepstrum,logged,1800.0,1800.0,1784.91,10500.0,14000.0,outer_race,5,5,5,0.002,0.268,0.6
