record_id,arm,fault_type,fault_size_in,or_position,load_hp,fs_hz,rpm,rpm_source,grade,physical_class,agree,band_lo_hz,band_hi_hz,band_kurtosis,p_BPFO,p_BPFI,p_BPFB,lines_BPFO,lines_BPFI,lines_BPFB,delta_BPFO,delta_BPFI,delta_BPFB
105,cepstrum,inner_race,0.007,,0,12000.0,1797.0,measured_in_file,Y2,normal,0,0.0,2000.0,7.08,0.848,0.032,0.192,0,0,0,0.004,-0.002999999999999999,0.02
118,cepstrum,ball,0.007,,0,12000.0,1796.0,measured_in_file,N1,normal,0,4000.0,6000.0,25.18,0.25,0.858,0.37,0,0,0,-0.012,-0.002999999999999999,0.019
130,cepstrum,outer_race,0.007,centered_6,0,12000.0,1796.0,measured_in_file,Y1,outer_race,1,4000.0,6000.0,9.626,0.002,0.002,0.756,5,5,1,0.002999999999999999,-0.004,0.018
144,cepstrum,outer_race,0.007,orthogonal_3,0,12000.0,1797.0,measured_in_file,Y2,normal,0,0.0,2000.0,4.098,0.002,0.26,0.766,0,0,0,0.004,-0.002999999999999999,0.02
156,cepstrum,outer_race,0.007,opposite_12,0,12000.0,1797.0,measured_in_file,Y1,normal,0,4000.0,6000.0,78.664,0.002,0.05,0.32,0,1,0,0.002999999999999999,-0.004,0.018
106,cepstrum,inner_race,0.007,,1,12000.0,1772.0,measured_in_file,Y2,normal,0,4000.0,6000.0,16.984,0.078,0.056,0.484,1,6,3,0.004,-0.0019999999999999983,0.019
119,cepstrum,ball,0.007,,1,12000.0,1772.0,measured_in_file,N1,normal,0,4000.0,6000.0,193.832,0.144,0.002,0.1,0,0,0,0.006999999999999999,-0.002999999999999999,0.018
131,cepstrum,outer_race,0.007,centered_6,1,12000.0,1773.0,measured_in_file,Y1,outer_race,1,2000.0,4000.0,6.334,0.002,0.286,0.882,5,3,1,0.002999999999999999,-0.004,0.018
145,cepstrum,outer_race,0.007,orthogonal_3,1,12000.0,1774.0,measured_in_file,Y2,normal,0,4000.0,6000.0,297.025,0.002,0.066,0.686,0,0,0,0.004,-0.002999999999999999,0.018
158,cepstrum,outer_race,0.007,opposite_12,1,12000.0,1773.0,measured_in_file,Y2,outer_race,1,4000.0,6000.0,13.365,0.002,0.062,0.922,3,0,1,0.016999999999999998,0.011,-0.012
107,cepstrum,inner_race,0.007,,2,12000.0,1748.0,measured_in_file,Y2,normal,0,4000.0,6000.0,10.137,0.596,0.05,0.756,1,8,3,0.004,-0.0019999999999999983,0.018
120,cepstrum,ball,0.007,,2,12000.0,1748.0,measured_in_file,N1,normal,0,4000.0,6000.0,419.924,0.304,0.596,0.512,0,0,0,0.004,-0.002999999999999999,0.019
132,cepstrum,outer_race,0.007,centered_6,2,12000.0,1750.0,measured_in_file,Y1,outer_race,1,4000.0,6000.0,67.751,0.002,0.36,0.676,2,1,1,0.002999999999999999,-0.002999999999999999,-0.004
146,cepstrum,outer_race,0.007,orthogonal_3,2,12000.0,1751.0,measured_in_file,Y2,normal,0,4000.0,6000.0,461.671,0.002,0.642,0.858,0,0,0,0.004,-0.002999999999999999,0.018
159,cepstrum,outer_race,0.007,opposite_12,2,12000.0,1750.0,measured_in_file,Y2,normal,0,4000.0,6000.0,80.971,0.002,0.79,0.806,0,0,0,0.002999999999999999,-0.002999999999999999,0.018
108,cepstrum,inner_race,0.007,,3,12000.0,1721.0,measured_in_file,Y2,inner_race,1,4000.0,6000.0,78.607,0.398,0.002,0.302,0,3,0,0.004,-0.002999999999999999,0.018
121,cepstrum,ball,0.007,,3,12000.0,1722.0,measured_in_file,Y2,normal,0,4000.0,6000.0,91.555,0.344,0.002,0.296,0,0,0,0.015000000000000003,-0.002999999999999999,0.009999999999999998
133,cepstrum,outer_race,0.007,centered_6,3,12000.0,1725.0,measured_in_file,Y1,outer_race,1,4000.0,6000.0,9.562,0.002,0.002,0.798,5,6,1,0.002999999999999999,-0.004,0.018
147,cepstrum,outer_race,0.007,orthogonal_3,3,12000.0,1725.0,measured_in_file,Y2,normal,0,4000.0,6000.0,35.386,0.002,0.018,0.586,0,3,0,0.004,-0.002999999999999999,0.018
160,cepstrum,outer_race,0.007,opposite_12,3,12000.0,1724.0,measured_in_file,Y2,normal,0,4000.0,6000.0,108.299,0.002,0.268,0.978,0,0,0,0.002999999999999999,-0.004,0.009000000000000001
169,cepstrum,inner_race,0.014,,0,12000.0,1796.0,measured_in_file,Y2,inner_race,1,4000.0,6000.0,20.875,0.304,0.002,0.892,1,9,1,0.006000000000000002,0.0,0.02
185,cepstrum,ball,0.014,,0,12000.0,1796.0,measured_in_file,P2,normal,0,4000.0,6000.0,52.951,0.314,0.604,0.344,0,0,0,-0.019,-0.011,0.0010000000000000009
197,cepstrum,outer_race,0.014,centered_6,0,12000.0,1796.0,measured_in_file,Y2,normal,0,4000.0,6000.0,3.765,0.952,0.04,0.192,0,0,0,0.0010000000000000009,-0.014,0.0
170,cepstrum,inner_race,0.014,,1,12000.0,1774.0,measured_in_file,Y2,normal,0,2000.0,4000.0,5.805,0.794,0.09,0.912,0,12,2,0.009000000000000001,-0.0010000000000000009,0.02
186,cepstrum,ball,0.014,,1,12000.0,1772.0,measured_in_file,P2,normal,0,4000.0,6000.0,22.368,0.008,0.072,0.064,0,0,0,0.009999999999999998,0.016999999999999998,0.0
198,cepstrum,outer_race,0.014,centered_6,1,12000.0,1772.0,measured_in_file,P2,normal,0,4000.0,6000.0,17.813,0.29,0.31,0.062,0,0,0,-0.005000000000000001,-0.005000000000000001,-0.01
171,cepstrum,inner_race,0.014,,2,12000.0,1752.0,measured_in_file,Y2,inner_race,1,4000.0,6000.0,14.073,0.826,0.002,0.572,1,16,3,0.006999999999999999,-0.0010000000000000009,0.02
187,cepstrum,ball,0.014,,2,12000.0,1749.0,measured_in_file,P2,normal,0,0.0,3000.0,7.597,0.916,0.362,0.264,0,0,0,0.0019999999999999983,-0.0019999999999999983,-0.014
199,cepstrum,outer_race,0.014,centered_6,2,12000.0,1749.0,measured_in_file,P1,normal,0,4000.0,6000.0,6.527,0.022,0.25,0.79,0,0,0,0.006999999999999999,0.012,-0.008
172,cepstrum,inner_race,0.014,,3,12000.0,1728.0,measured_in_file,Y2,normal,0,4000.0,6000.0,20.366,0.524,0.052,0.838,1,13,2,0.006999999999999999,0.0,0.02
188,cepstrum,ball,0.014,,3,12000.0,1724.0,measured_in_file,P2,normal,0,4000.0,6000.0,10.529,0.102,0.002,0.1,0,0,0,0.006000000000000002,0.011,0.019
200,cepstrum,outer_race,0.014,centered_6,3,12000.0,1723.0,measured_in_file,N1,normal,0,4000.0,6000.0,14.294,0.426,0.17,0.218,0,0,0,0.012,-0.0019999999999999983,-0.019
209,cepstrum,inner_race,0.021,,0,12000.0,1797.0,measured_in_file,Y1,inner_race,1,4000.0,6000.0,69.992,0.002,0.002,0.302,1,11,3,0.005000000000000001,-0.0019999999999999983,0.019
222,cepstrum,ball,0.021,,0,12000.0,1796.0,measured_in_file,Y2,normal,0,4000.0,6000.0,39.284,0.676,0.002,0.062,0,0,0,-0.0010000000000000009,-0.004,-0.006999999999999999
234,cepstrum,outer_race,0.021,centered_6,0,12000.0,1796.0,measured_in_file,Y2,outer_race,1,4000.0,6000.0,19.531,0.002,0.382,0.164,5,10,10,0.0019999999999999983,-0.005000000000000001,0.016000000000000004
246,cepstrum,outer_race,0.021,orthogonal_3,0,12000.0,1796.0,measured_in_file,Y2,normal,0,0.0,2000.0,6.192,0.858,0.024,0.006,0,0,0,0.009999999999999998,-0.0019999999999999983,0.019
258,cepstrum,outer_race,0.021,opposite_12,0,12000.0,1796.0,measured_in_file,Y2,outer_race,1,2000.0,4000.0,13.005,0.002,0.514,0.48,5,6,8,0.002999999999999999,-0.004,0.016999999999999998
210,cepstrum,inner_race,0.021,,1,12000.0,1774.0,measured_in_file,Y1,inner_race,1,3000.0,6000.0,2.869,0.858,0.002,0.604,0,16,3,-0.009000000000000001,-0.0019999999999999983,0.019
223,cepstrum,ball,0.021,,1,12000.0,1774.0,measured_in_file,Y2,normal,0,2000.0,4000.0,10.537,0.204,0.04,0.104,0,0,0,-0.017,-0.0019999999999999983,-0.006999999999999999
235,cepstrum,outer_race,0.021,centered_6,1,12000.0,1771.0,measured_in_file,Y2,outer_race,1,4000.0,6000.0,17.169,0.002,0.032,0.628,5,10,8,0.0019999999999999983,-0.005000000000000001,0.016000000000000004
247,cepstrum,outer_race,0.021,orthogonal_3,1,12000.0,1771.0,measured_in_file,Y2,normal,0,4000.0,6000.0,8.551,0.002,0.772,0.952,0,0,0,0.0019999999999999983,-0.005000000000000001,0.0
259,cepstrum,outer_race,0.021,opposite_12,1,12000.0,1771.0,measured_in_file,Y2,normal,0,0.0,3000.0,17.888,0.002,0.462,0.196,0,0,0,0.0019999999999999983,-0.012,0.009999999999999998
211,cepstrum,inner_race,0.021,,2,12000.0,1752.0,measured_in_file,Y1,inner_race,1,4000.0,6000.0,115.01,0.012,0.002,0.052,0,2,0,0.005000000000000001,-0.0019999999999999983,0.019
224,cepstrum,ball,0.021,,2,12000.0,1754.0,measured_in_file,N1,normal,0,4000.0,6000.0,39.542,0.426,0.002,0.426,0,0,0,0.004,-0.002999999999999999,-0.008
236,cepstrum,outer_race,0.021,centered_6,2,12000.0,1748.0,measured_in_file,Y2,outer_race,1,4000.0,6000.0,18.399,0.002,0.958,0.732,5,5,6,0.0010000000000000009,-0.006,0.016000000000000004
248,cepstrum,outer_race,0.021,orthogonal_3,2,12000.0,1747.0,measured_in_file,Y2,normal,0,0.0,2000.0,15.875,0.592,0.992,0.226,0,0,0,-0.013000000000000001,-0.01,0.018
260,cepstrum,outer_race,0.021,opposite_12,2,12000.0,1746.0,measured_in_file,Y2,normal,0,0.0,3000.0,14.508,0.02,0.904,0.088,0,0,0,0.004,-0.01,0.016999999999999998
212,cepstrum,inner_race,0.021,,3,12000.0,1728.0,measured_in_file,Y1,inner_race,1,4000.0,6000.0,20.933,0.164,0.002,0.794,1,9,0,0.005000000000000001,-0.0019999999999999983,0.019
225,cepstrum,ball,0.021,,3,12000.0,1729.0,measured_in_file,N1,normal,0,4000.0,6000.0,8.151,0.002,0.002,0.9,0,0,0,0.002999999999999999,-0.0019999999999999983,0.019
237,cepstrum,outer_race,0.021,centered_6,3,12000.0,1721.0,measured_in_file,Y2,outer_race,1,4000.0,6000.0,24.777,0.002,0.548,0.706,5,5,4,0.0019999999999999983,-0.006,0.015000000000000003
249,cepstrum,outer_race,0.021,orthogonal_3,3,12000.0,1719.0,measured_in_file,Y2,normal,0,0.0,2000.0,9.747,0.002,0.918,0.05,0,0,0,-0.016,-0.017,0.005000000000000001
261,cepstrum,outer_race,0.021,opposite_12,3,12000.0,1718.0,measured_in_file,Y2,normal,0,4000.0,6000.0,15.995,0.002,0.812,0.69,1,0,0,0.002999999999999999,-0.004,0.016999999999999998
3001,cepstrum,inner_race,0.028,,0,12000.0,1797.0,nominal_table,N1,normal,0,4000.0,6000.0,361.542,0.356,0.2,0.546,0,0,0,-0.011,-0.016,0.0010000000000000009
3005,cepstrum,ball,0.028,,0,12000.0,1797.0,nominal_table,Y2,normal,0,0.0,2000.0,1.061,0.702,0.844,0.002,0,0,0,0.016999999999999998,0.009000000000000001,0.002999999999999999
3002,cepstrum,inner_race,0.028,,1,12000.0,1772.0,nominal_table,N1,normal,0,4000.0,6000.0,141.272,0.26,0.048,0.488,0,0,0,0.006000000000000002,0.019,0.012
3006,cepstrum,ball,0.028,,1,12000.0,1772.0,nominal_table,Y2,normal,0,4000.0,6000.0,34.131,0.002,0.048,0.31,0,0,0,-0.009000000000000001,0.006000000000000002,0.008
3003,cepstrum,inner_race,0.028,,2,12000.0,1750.0,nominal_table,N1,normal,0,4000.0,6000.0,13.473,0.01,0.124,0.588,0,0,0,-0.006,-0.019,-0.011
3007,cepstrum,ball,0.028,,2,12000.0,1750.0,nominal_table,Y2,normal,0,4000.0,6000.0,9.298,0.476,0.194,0.028,0,0,0,0.015000000000000003,0.011,0.006000000000000002
3004,cepstrum,inner_race,0.028,,3,12000.0,1730.0,nominal_table,N1,normal,0,0.0,2000.0,119.791,0.112,0.014,0.346,0,0,0,0.002999999999999999,0.016000000000000004,0.016000000000000004
3008,cepstrum,ball,0.028,,3,12000.0,1730.0,nominal_table,Y2,normal,0,4000.0,6000.0,76.43,0.992,0.222,0.028,0,0,0,0.009999999999999998,0.013000000000000001,0.002999999999999999
97,cepstrum,normal,,,0,48000.0,1796.0,measured_in_file,normal,normal,1,22000.0,24000.0,5.271,0.842,0.352,0.196,0,0,0,-0.009000000000000001,-0.018000000000000002,0.012
98,cepstrum,normal,,,1,48000.0,1772.0,nominal_table,normal,normal,1,0.0,2000.0,2.402,0.974,0.406,0.518,0,0,0,-0.005000000000000001,0.0019999999999999983,-0.014
99,cepstrum,normal,,,2,48000.0,1750.0,nominal_table,normal,normal,1,22000.0,24000.0,191.713,0.684,0.544,0.918,0,0,0,0.02,0.008,0.013000000000000001
100,cepstrum,normal,,,3,48000.0,1725.0,measured_in_file,normal,normal,1,22000.0,24000.0,1247.26,0.028,0.858,0.728,0,0,0,0.0010000000000000009,0.009999999999999998,0.006000000000000002
105,none,inner_race,0.007,,0,12000.0,1797.0,measured_in_file,Y2,inner_race,1,2000.0,4000.0,1.599,0.176,0.002,0.55,2,25,9,0.004,-0.002999999999999999,0.018
118,none,ball,0.007,,0,12000.0,1796.0,measured_in_file,N1,outer_race,0,0.0,3000.0,0.087,0.002,0.532,0.726,4,8,4,0.002999999999999999,-0.002999999999999999,0.018
130,none,outer_race,0.007,centered_6,0,12000.0,1796.0,measured_in_file,Y1,normal,0,2000.0,4000.0,3.123,0.07,0.862,0.618,5,14,14,0.002999999999999999,-0.004,0.016999999999999998
144,none,outer_race,0.007,orthogonal_3,0,12000.0,1797.0,measured_in_file,Y2,normal,0,4000.0,6000.0,1.95,0.082,0.804,0.3,4,11,14,0.004,-0.002999999999999999,0.018
156,none,outer_race,0.007,opposite_12,0,12000.0,1797.0,measured_in_file,Y1,normal,0,0.0,3000.0,3.578,0.16,0.366,0.544,5,13,14,0.002999999999999999,-0.004,0.016999999999999998
106,none,inner_race,0.007,,1,12000.0,1772.0,measured_in_file,Y2,inner_race,1,2000.0,4000.0,1.809,0.528,0.002,0.548,1,21,7,0.005000000000000001,-0.002999999999999999,0.019
119,none,ball,0.007,,1,12000.0,1772.0,measured_in_file,N1,inner_race,0,4000.0,6000.0,0.429,0.076,0.002,0.21,1,2,1,0.004,-0.002999999999999999,0.018
131,none,outer_race,0.007,centered_6,1,12000.0,1773.0,measured_in_file,Y1,outer_race,1,4000.0,6000.0,3.412,0.002,0.876,0.834,5,14,10,0.0019999999999999983,-0.004,0.016999999999999998
145,none,outer_race,0.007,orthogonal_3,1,12000.0,1774.0,measured_in_file,Y2,inner_race,0,4000.0,6000.0,6.658,0.14,0.008,0.436,5,15,13,0.004,-0.002999999999999999,0.018
158,none,outer_race,0.007,opposite_12,1,12000.0,1773.0,measured_in_file,Y2,outer_race,1,2000.0,4000.0,3.201,0.002,0.84,0.706,5,5,5,0.016999999999999998,0.009999999999999998,-0.011
107,none,inner_race,0.007,,2,12000.0,1748.0,measured_in_file,Y2,inner_race,1,2000.0,4000.0,1.942,0.656,0.002,0.664,1,22,8,0.005000000000000001,-0.0019999999999999983,0.019
120,none,ball,0.007,,2,12000.0,1748.0,measured_in_file,N1,normal,0,4000.0,6000.0,1.765,0.026,0.048,0.53,2,6,0,0.004,-0.002999999999999999,0.018
132,none,outer_race,0.007,centered_6,2,12000.0,1750.0,measured_in_file,Y1,outer_race,1,4000.0,6000.0,3.474,0.002,0.302,0.85,5,10,7,0.002999999999999999,-0.004,0.018
146,none,outer_race,0.007,orthogonal_3,2,12000.0,1751.0,measured_in_file,Y2,normal,0,4000.0,6000.0,8.091,0.486,0.65,0.68,4,13,12,0.004,-0.002999999999999999,0.018
159,none,outer_race,0.007,opposite_12,2,12000.0,1750.0,measured_in_file,Y2,outer_race,1,0.0,3000.0,5.212,0.002,0.388,0.548,5,14,10,0.004,-0.002999999999999999,0.018
108,none,inner_race,0.007,,3,12000.0,1721.0,measured_in_file,Y2,inner_race,1,3000.0,6000.0,1.978,0.142,0.002,0.732,2,25,9,0.004,-0.002999999999999999,0.018
121,none,ball,0.007,,3,12000.0,1722.0,measured_in_file,Y2,outer_race,0,0.0,3000.0,-0.006,0.002,0.19,0.844,3,3,1,0.004,-0.002999999999999999,0.018
133,none,outer_race,0.007,centered_6,3,12000.0,1725.0,measured_in_file,Y1,normal,0,4000.0,6000.0,3.748,0.074,0.794,0.684,5,12,8,0.0019999999999999983,-0.004,0.018
147,none,outer_race,0.007,orthogonal_3,3,12000.0,1725.0,measured_in_file,Y2,normal,0,4000.0,6000.0,3.983,0.268,0.868,0.672,5,16,14,0.004,-0.002999999999999999,0.018
160,none,outer_race,0.007,opposite_12,3,12000.0,1724.0,measured_in_file,Y2,normal,0,4000.0,6000.0,5.095,0.368,0.754,0.816,5,14,13,0.002999999999999999,-0.004,0.018
169,none,inner_race,0.014,,0,12000.0,1796.0,measured_in_file,Y2,normal,0,2000.0,4000.0,14.224,0.334,0.078,0.85,3,24,7,0.006000000000000002,0.0,0.02
185,none,ball,0.014,,0,12000.0,1796.0,measured_in_file,P2,normal,0,2000.0,4000.0,13.073,0.57,0.628,0.812,0,0,0,0.012,-0.009000000000000001,0.011
197,none,outer_race,0.014,centered_6,0,12000.0,1796.0,measured_in_file,Y2,normal,0,0.0,2000.0,0.05,0.402,0.646,0.808,4,11,6,0.008,0.016000000000000004,0.018
170,none,inner_race,0.014,,1,12000.0,1774.0,measured_in_file,Y2,inner_race,1,2000.0,4000.0,13.947,0.218,0.002,0.676,3,20,9,0.006000000000000002,-0.0010000000000000009,0.02
186,none,ball,0.014,,1,12000.0,1772.0,measured_in_file,P2,normal,0,2000.0,4000.0,5.286,0.752,0.074,0.764,0,0,0,-0.014,0.0019999999999999983,0.006999999999999999
198,none,outer_race,0.014,centered_6,1,12000.0,1772.0,measured_in_file,P2,normal,0,4000.0,6000.0,0.114,0.652,0.056,0.552,0,2,3,-0.019,-0.005000000000000001,0.015000000000000003
171,none,inner_race,0.014,,2,12000.0,1752.0,measured_in_file,Y2,normal,0,2000.0,4000.0,14.647,0.198,0.068,0.716,2,22,8,0.006000000000000002,-0.0010000000000000009,0.02
187,none,ball,0.014,,2,12000.0,1749.0,measured_in_file,P2,normal,0,2000.0,4000.0,6.938,0.592,0.958,0.818,0,0,0,0.012,0.018,0.008
199,none,outer_race,0.014,centered_6,2,12000.0,1749.0,measured_in_file,P1,inner_race,0,4000.0,6000.0,0.065,0.622,0.002,0.906,0,2,0,-0.004,-0.005000000000000001,0.016000000000000004
172,none,inner_race,0.014,,3,12000.0,1728.0,measured_in_file,Y2,normal,0,2000.0,4000.0,13.874,0.358,0.078,0.634,4,19,11,0.006000000000000002,0.0,0.02
188,none,ball,0.014,,3,12000.0,1724.0,measured_in_file,P2,normal,0,3000.0,6000.0,15.221,0.684,0.462,0.578,0,0,0,0.02,-0.018000000000000002,-0.006999999999999999
200,none,outer_race,0.014,centered_6,3,12000.0,1723.0,measured_in_file,N1,inner_race,0,3000.0,6000.0,0.714,0.054,0.002,0.69,1,4,1,0.006999999999999999,-0.005000000000000001,0.016000000000000004
209,none,inner_race,0.021,,0,12000.0,1797.0,measured_in_file,Y1,inner_race,1,4000.0,6000.0,4.255,0.744,0.002,0.37,1,25,11,0.005000000000000001,-0.0019999999999999983,0.019
222,none,ball,0.021,,0,12000.0,1796.0,measured_in_file,Y2,inner_race,0,2000.0,4000.0,3.989,0.348,0.002,0.544,0,7,0,-0.009000000000000001,-0.0010000000000000009,-0.0010000000000000009
234,none,outer_race,0.021,centered_6,0,12000.0,1796.0,measured_in_file,Y2,outer_race,1,2000.0,4000.0,13.41,0.002,0.644,0.448,5,10,9,0.0019999999999999983,-0.005000000000000001,0.016000000000000004
246,none,outer_race,0.021,orthogonal_3,0,12000.0,1796.0,measured_in_file,Y2,normal,0,2000.0,4000.0,3.628,0.072,0.128,0.536,5,13,9,0.0019999999999999983,-0.005000000000000001,0.016000000000000004
258,none,outer_race,0.021,opposite_12,0,12000.0,1796.0,measured_in_file,Y2,normal,0,2000.0,4000.0,23.003,0.166,0.574,0.468,5,18,16,0.0019999999999999983,-0.004,0.016999999999999998
210,none,inner_race,0.021,,1,12000.0,1774.0,measured_in_file,Y1,inner_race,1,2000.0,4000.0,3.08,0.568,0.002,0.626,1,24,7,0.004,-0.0019999999999999983,0.019
223,none,ball,0.021,,1,12000.0,1774.0,measured_in_file,Y2,inner_race,0,2000.0,4000.0,3.957,0.744,0.002,0.646,0,4,0,-0.017,-0.0019999999999999983,0.019
235,none,outer_race,0.021,centered_6,1,12000.0,1771.0,measured_in_file,Y2,outer_race,1,2000.0,4000.0,13.445,0.002,0.34,0.622,5,10,8,0.0019999999999999983,-0.005000000000000001,0.016999999999999998
247,none,outer_race,0.021,orthogonal_3,1,12000.0,1771.0,measured_in_file,Y2,normal,0,2000.0,4000.0,3.582,0.072,0.354,0.362,5,9,9,0.0019999999999999983,-0.005000000000000001,0.016000000000000004
259,none,outer_race,0.021,opposite_12,1,12000.0,1771.0,measured_in_file,Y2,normal,0,2000.0,4000.0,22.933,0.166,0.338,0.384,5,18,17,0.0019999999999999983,-0.004,0.016999999999999998
211,none,inner_race,0.021,,2,12000.0,1752.0,measured_in_file,Y1,inner_race,1,4000.0,6000.0,4.871,0.678,0.002,0.656,1,20,7,0.005000000000000001,-0.0019999999999999983,0.019
224,none,ball,0.021,,2,12000.0,1754.0,measured_in_file,N1,inner_race,0,3000.0,6000.0,0.384,0.002,0.002,0.442,0,14,3,0.0010000000000000009,-0.002999999999999999,0.019
236,none,outer_race,0.021,centered_6,2,12000.0,1748.0,measured_in_file,Y2,outer_race,1,4000.0,6000.0,14.989,0.002,0.936,0.626,5,6,10,0.0010000000000000009,-0.006,0.016000000000000004
248,none,outer_race,0.021,orthogonal_3,2,12000.0,1747.0,measured_in_file,Y2,normal,0,2000.0,4000.0,3.364,0.072,0.862,0.848,4,6,7,0.0019999999999999983,-0.005000000000000001,0.016000000000000004
260,none,outer_race,0.021,opposite_12,2,12000.0,1746.0,measured_in_file,Y2,normal,0,2000.0,4000.0,23.07,0.186,0.278,0.716,5,19,14,0.002999999999999999,-0.004,0.016999999999999998
212,none,inner_race,0.021,,3,12000.0,1728.0,measured_in_file,Y1,inner_race,1,2000.0,4000.0,3.727,0.588,0.002,0.486,1,24,8,0.005000000000000001,-0.0019999999999999983,0.019
225,none,ball,0.021,,3,12000.0,1729.0,measured_in_file,N1,inner_race,0,3000.0,6000.0,0.348,0.168,0.002,0.106,0,19,4,0.0010000000000000009,-0.0019999999999999983,0.019
237,none,outer_race,0.021,centered_6,3,12000.0,1721.0,measured_in_file,Y2,outer_race,1,4000.0,6000.0,17.792,0.002,0.976,0.434,5,5,10,0.0010000000000000009,-0.006,0.016000000000000004
249,none,outer_race,0.021,orthogonal_3,3,12000.0,1719.0,measured_in_file,Y2,normal,0,3000.0,6000.0,4.188,0.072,0.728,0.734,3,6,4,0.0019999999999999983,-0.005000000000000001,0.016000000000000004
261,none,outer_race,0.021,opposite_12,3,12000.0,1718.0,measured_in_file,Y2,normal,0,2000.0,4000.0,22.919,0.142,0.972,0.698,5,11,14,0.002999999999999999,-0.004,0.016999999999999998
3001,none,inner_race,0.028,,0,12000.0,1797.0,nominal_table,N1,normal,0,4000.0,6000.0,3.016,0.644,0.248,0.768,0,0,0,-0.011,-0.018000000000000002,0.0010000000000000009
3005,none,ball,0.028,,0,12000.0,1797.0,nominal_table,Y2,ball,1,0.0,2000.0,1.143,0.22,0.462,0.002,1,4,7,0.004,-0.002999999999999999,0.004
3002,none,inner_race,0.028,,1,12000.0,1772.0,nominal_table,N1,normal,0,4000.0,6000.0,0.338,0.394,0.206,0.94,0,0,0,0.016999999999999998,0.009999999999999998,-0.015
3006,none,ball,0.028,,1,12000.0,1772.0,nominal_table,Y2,ball,1,0.0,2000.0,1.315,0.268,0.818,0.002,0,0,2,0.009000000000000001,0.02,0.006000000000000002
3003,none,inner_race,0.028,,2,12000.0,1750.0,nominal_table,N1,normal,0,4000.0,6000.0,0.379,0.466,0.82,0.11,0,0,0,0.018,-0.017,-0.009000000000000001
3007,none,ball,0.028,,2,12000.0,1750.0,nominal_table,Y2,ball,1,0.0,2000.0,1.368,0.954,0.238,0.002,0,2,7,0.009000000000000001,-0.014,0.006000000000000002
3004,none,inner_race,0.028,,3,12000.0,1730.0,nominal_table,N1,normal,0,4000.0,6000.0,0.626,0.212,0.538,0.49,0,0,0,-0.011,0.0010000000000000009,0.0019999999999999983
3008,none,ball,0.028,,3,12000.0,1730.0,nominal_table,Y2,normal,0,4000.0,6000.0,1.539,0.25,0.624,0.002,1,1,0,-0.015,0.02,0.002999999999999999
97,none,normal,,,0,48000.0,1796.0,measured_in_file,normal,normal,1,18000.0,20000.0,0.244,0.592,0.618,0.014,0,0,1,0.004,0.015000000000000003,0.018
98,none,normal,,,1,48000.0,1772.0,nominal_table,normal,normal,1,2000.0,4000.0,0.48,0.076,0.002,0.272,0,1,1,0.004,-0.0019999999999999983,0.016999999999999998
99,none,normal,,,2,48000.0,1750.0,nominal_table,normal,normal,1,22000.0,24000.0,11.265,0.002,0.356,0.404,1,0,0,0.004,-0.011,-0.006
100,none,normal,,,3,48000.0,1725.0,measured_in_file,normal,normal,1,22000.0,24000.0,189.86,0.002,0.454,0.248,1,0,0,0.0010000000000000009,0.002999999999999999,0.009999999999999998
