dataset,bearing,condition,T_A,overlap_frac,record_length_s,windows_per_record,est_train_windows_per_class,delta_f_hz,bpfo_hz,sep_from_nearest_shaft_harmonic_bins,pooled_family_bins_N,revolutions_per_window,raw_input_samples_per_window,certified,failures
CWRU,6205,load0hp,2.0,0.0,10.0,5,,0.5,107.364,17.16,64,59.9,24000,True,
CWRU,6205,load1hp,2.0,0.0,10.0,5,,0.5,105.87,16.93,62,59.1,24000,True,
CWRU,6205,load2hp,2.0,0.0,10.0,5,,0.5,104.556,16.72,65,58.3,24000,True,
CWRU,6205,load3hp,2.0,0.0,10.0,5,,0.5,103.361,16.52,62,57.7,24000,True,
PU,6203_PU_2855,N15_M01_F10,2.0,0.0,4.0,2,480,0.5,76.357,2.71,46,50.0,128000,True,
PU,6203_PU_2905,N15_M01_F10,2.0,0.0,4.0,2,480,0.5,76.764,3.53,47,50.0,128000,True,
PU,6203_PU_2855,N15_M07_F04,2.0,0.0,4.0,2,480,0.5,76.357,2.71,46,50.0,128000,True,
PU,6203_PU_2905,N15_M07_F04,2.0,0.0,4.0,2,480,0.5,76.764,3.53,47,50.0,128000,True,
PU,6203_PU_2855,N15_M07_F10,2.0,0.0,4.0,2,480,0.5,76.357,2.71,46,50.0,128000,True,
PU,6203_PU_2905,N15_M07_F10,2.0,0.0,4.0,2,480,0.5,76.764,3.53,47,50.0,128000,True,
PU,6203_PU_2855,N09_M07_F10,2.0,0.0,4.0,2,480,0.5,45.814,1.63,28,30.0,128000,True,
PU,6203_PU_2905,N09_M07_F10,2.0,0.0,4.0,2,480,0.5,46.059,2.12,28,30.0,128000,True,
CWRU,6205,load0hp,2.0,0.5,10.0,9,,0.5,107.364,17.16,64,59.9,24000,True,
CWRU,6205,load1hp,2.0,0.5,10.0,9,,0.5,105.87,16.93,62,59.1,24000,True,
CWRU,6205,load2hp,2.0,0.5,10.0,9,,0.5,104.556,16.72,65,58.3,24000,True,
CWRU,6205,load3hp,2.0,0.5,10.0,9,,0.5,103.361,16.52,62,57.7,24000,True,
PU,6203_PU_2855,N15_M01_F10,2.0,0.5,4.0,3,720,0.5,76.357,2.71,46,50.0,128000,True,
PU,6203_PU_2905,N15_M01_F10,2.0,0.5,4.0,3,720,0.5,76.764,3.53,47,50.0,128000,True,
PU,6203_PU_2855,N15_M07_F04,2.0,0.5,4.0,3,720,0.5,76.357,2.71,46,50.0,128000,True,
PU,6203_PU_2905,N15_M07_F04,2.0,0.5,4.0,3,720,0.5,76.764,3.53,47,50.0,128000,True,
PU,6203_PU_2855,N15_M07_F10,2.0,0.5,4.0,3,720,0.5,76.357,2.71,46,50.0,128000,True,
PU,6203_PU_2905,N15_M07_F10,2.0,0.5,4.0,3,720,0.5,76.764,3.53,47,50.0,128000,True,
PU,6203_PU_2855,N09_M07_F10,2.0,0.5,4.0,3,720,0.5,45.814,1.63,28,30.0,128000,True,
PU,6203_PU_2905,N09_M07_F10,2.0,0.5,4.0,3,720,0.5,46.059,2.12,28,30.0,128000,True,
CWRU,6205,load0hp,2.0,0.667,10.0,13,,0.5,107.364,17.16,64,59.9,24000,True,
CWRU,6205,load1hp,2.0,0.667,10.0,13,,0.5,105.87,16.93,62,59.1,24000,True,
CWRU,6205,load2hp,2.0,0.667,10.0,13,,0.5,104.556,16.72,65,58.3,24000,True,
CWRU,6205,load3hp,2.0,0.667,10.0,13,,0.5,103.361,16.52,62,57.7,24000,True,
PU,6203_PU_2855,N15_M01_F10,2.0,0.667,4.0,4,960,0.5,76.357,2.71,46,50.0,128000,True,
PU,6203_PU_2905,N15_M01_F10,2.0,0.667,4.0,4,960,0.5,76.764,3.53,47,50.0,128000,True,
PU,6203_PU_2855,N15_M07_F04,2.0,0.667,4.0,4,960,0.5,76.357,2.71,46,50.0,128000,True,
PU,6203_PU_2905,N15_M07_F04,2.0,0.667,4.0,4,960,0.5,76.764,3.53,47,50.0,128000,True,
PU,6203_PU_2855,N15_M07_F10,2.0,0.667,4.0,4,960,0.5,76.357,2.71,46,50.0,128000,True,
PU,6203_PU_2905,N15_M07_F10,2.0,0.667,4.0,4,960,0.5,76.764,3.53,47,50.0,128000,True,
PU,6203_PU_2855,N09_M07_F10,2.0,0.667,4.0,4,960,0.5,45.814,1.63,28,30.0,128000,True,
PU,6203_PU_2905,N09_M07_F10,2.0,0.667,4.0,4,960,0.5,46.059,2.12,28,30.0,128000,True,
CWRU,6205,load0hp,2.0,0.75,10.0,17,,0.5,107.364,17.16,64,59.9,24000,True,
CWRU,6205,load1hp,2.0,0.75,10.0,17,,0.5,105.87,16.93,62,59.1,24000,True,
CWRU,6205,load2hp,2.0,0.75,10.0,17,,0.5,104.556,16.72,65,58.3,24000,True,
CWRU,6205,load3hp,2.0,0.75,10.0,17,,0.5,103.361,16.52,62,57.7,24000,True,
PU,6203_PU_2855,N15_M01_F10,2.0,0.75,4.0,5,1200,0.5,76.357,2.71,46,50.0,128000,True,
PU,6203_PU_2905,N15_M01_F10,2.0,0.75,4.0,5,1200,0.5,76.764,3.53,47,50.0,128000,True,
PU,6203_PU_2855,N15_M07_F04,2.0,0.75,4.0,5,1200,0.5,76.357,2.71,46,50.0,128000,True,
PU,6203_PU_2905,N15_M07_F04,2.0,0.75,4.0,5,1200,0.5,76.764,3.53,47,50.0,128000,True,
PU,6203_PU_2855,N15_M07_F10,2.0,0.75,4.0,5,1200,0.5,76.357,2.71,46,50.0,128000,True,
PU,6203_PU_2905,N15_M07_F10,2.0,0.75,4.0,5,1200,0.5,76.764,3.53,47,50.0,128000,True,
PU,6203_PU_2855,N09_M07_F10,2.0,0.75,4.0,5,1200,0.5,45.814,1.63,28,30.0,128000,True,
PU,6203_PU_2905,N09_M07_F10,2.0,0.75,4.0,5,1200,0.5,46.059,2.12,28,30.0,128000,True,
CWRU,6205,load0hp,2.5,0.0,10.0,4,,0.4,107.364,21.46,79,74.9,30000,True,
CWRU,6205,load1hp,2.5,0.0,10.0,4,,0.4,105.87,21.16,80,73.8,30000,True,
CWRU,6205,load2hp,2.5,0.0,10.0,4,,0.4,104.556,20.89,78,72.9,30000,True,
CWRU,6205,load3hp,2.5,0.0,10.0,4,,0.4,103.361,20.66,78,72.1,30000,True,
PU,6203_PU_2855,N15_M01_F10,2.5,0.0,4.0,1,240,0.4,76.357,3.39,55,62.5,160000,False,est_train_windows_per_class 240 < 250
PU,6203_PU_2905,N15_M01_F10,2.5,0.0,4.0,1,240,0.4,76.764,4.41,55,62.5,160000,False,est_train_windows_per_class 240 < 250
PU,6203_PU_2855,N15_M07_F04,2.5,0.0,4.0,1,240,0.4,76.357,3.39,55,62.5,160000,False,est_train_windows_per_class 240 < 250
PU,6203_PU_2905,N15_M07_F04,2.5,0.0,4.0,1,240,0.4,76.764,4.41,55,62.5,160000,False,est_train_windows_per_class 240 < 250
PU,6203_PU_2855,N15_M07_F10,2.5,0.0,4.0,1,240,0.4,76.357,3.39,55,62.5,160000,False,est_train_windows_per_class 240 < 250
PU,6203_PU_2905,N15_M07_F10,2.5,0.0,4.0,1,240,0.4,76.764,4.41,55,62.5,160000,False,est_train_windows_per_class 240 < 250
PU,6203_PU_2855,N09_M07_F10,2.5,0.0,4.0,1,240,0.4,45.814,2.04,35,37.5,160000,False,est_train_windows_per_class 240 < 250
PU,6203_PU_2905,N09_M07_F10,2.5,0.0,4.0,1,240,0.4,46.059,2.65,35,37.5,160000,False,est_train_windows_per_class 240 < 250
CWRU,6205,load0hp,2.5,0.5,10.0,7,,0.4,107.364,21.46,79,74.9,30000,True,
CWRU,6205,load1hp,2.5,0.5,10.0,7,,0.4,105.87,21.16,80,73.8,30000,True,
CWRU,6205,load2hp,2.5,0.5,10.0,7,,0.4,104.556,20.89,78,72.9,30000,True,
CWRU,6205,load3hp,2.5,0.5,10.0,7,,0.4,103.361,20.66,78,72.1,30000,True,
PU,6203_PU_2855,N15_M01_F10,2.5,0.5,4.0,2,480,0.4,76.357,3.39,55,62.5,160000,True,
PU,6203_PU_2905,N15_M01_F10,2.5,0.5,4.0,2,480,0.4,76.764,4.41,55,62.5,160000,True,
PU,6203_PU_2855,N15_M07_F04,2.5,0.5,4.0,2,480,0.4,76.357,3.39,55,62.5,160000,True,
PU,6203_PU_2905,N15_M07_F04,2.5,0.5,4.0,2,480,0.4,76.764,4.41,55,62.5,160000,True,
PU,6203_PU_2855,N15_M07_F10,2.5,0.5,4.0,2,480,0.4,76.357,3.39,55,62.5,160000,True,
PU,6203_PU_2905,N15_M07_F10,2.5,0.5,4.0,2,480,0.4,76.764,4.41,55,62.5,160000,True,
PU,6203_PU_2855,N09_M07_F10,2.5,0.5,4.0,2,480,0.4,45.814,2.04,35,37.5,160000,True,
PU,6203_PU_2905,N09_M07_F10,2.5,0.5,4.0,2,480,0.4,46.059,2.65,35,37.5,160000,True,
CWRU,6205,load0hp,2.5,0.667,10.0,10,,0.4,107.364,21.46,79,74.9,30000,True,
CWRU,6205,load1hp,2.5,0.667,10.0,10,,0.4,105.87,21.16,80,73.8,30000,True,
CWRU,6205,load2hp,2.5,0.667,10.0,10,,0.4,104.556,20.89,78,72.9,30000,True,
CWRU,6205,load3hp,2.5,0.667,10.0,10,,0.4,103.361,20.66,78,72.1,30000,True,
PU,6203_PU_2855,N15_M01_F10,2.5,0.667,4.0,2,480,0.4,76.357,3.39,55,62.5,160000,True,
PU,6203_PU_2905,N15_M01_F10,2.5,0.667,4.0,2,480,0.4,76.764,4.41,55,62.5,160000,True,
PU,6203_PU_2855,N15_M07_F04,2.5,0.667,4.0,2,480,0.4,76.357,3.39,55,62.5,160000,True,
PU,6203_PU_2905,N15_M07_F04,2.5,0.667,4.0,2,480,0.4,76.764,4.41,55,62.5,160000,True,
PU,6203_PU_2855,N15_M07_F10,2.5,0.667,4.0,2,480,0.4,76.357,3.39,55,62.5,160000,True,
PU,6203_PU_2905,N15_M07_F10,2.5,0.667,4.0,2,480,0.4,76.764,4.41,55,62.5,160000,True,
PU,6203_PU_2855,N09_M07_F10,2.5,0.667,4.0,2,480,0.4,45.814,2.04,35,37.5,160000,True,
PU,6203_PU_2905,N09_M07_F10,2.5,0.667,4.0,2,480,0.4,46.059,2.65,35,37.5,160000,True,
CWRU,6205,load0hp,2.5,0.75,10.0,13,,0.4,107.364,21.46,79,74.9,30000,True,
CWRU,6205,load1hp,2.5,0.75,10.0,13,,0.4,105.87,21.16,80,73.8,30000,True,
CWRU,6205,load2hp,2.5,0.75,10.0,13,,0.4,104.556,20.89,78,72.9,30000,True,
CWRU,6205,load3hp,2.5,0.75,10.0,13,,0.4,103.361,20.66,78,72.1,30000,True,
PU,6203_PU_2855,N15_M01_F10,2.5,0.75,4.0,3,720,0.4,76.357,3.39,55,62.5,160000,True,
PU,6203_PU_2905,N15_M01_F10,2.5,0.75,4.0,3,720,0.4,76.764,4.41,55,62.5,160000,True,
PU,6203_PU_2855,N15_M07_F04,2.5,0.75,4.0,3,720,0.4,76.357,3.39,55,62.5,160000,True,
PU,6203_PU_2905,N15_M07_F04,2.5,0.75,4.0,3,720,0.4,76.764,4.41,55,62.5,160000,True,
PU,6203_PU_2855,N15_M07_F10,2.5,0.75,4.0,3,720,0.4,76.357,3.39,55,62.5,160000,True,
PU,6203_PU_2905,N15_M07_F10,2.5,0.75,4.0,3,720,0.4,76.764,4.41,55,62.5,160000,True,
PU,6203_PU_2855,N09_M07_F10,2.5,0.75,4.0,3,720,0.4,45.814,2.04,35,37.5,160000,True,
PU,6203_PU_2905,N09_M07_F10,2.5,0.75,4.0,3,720,0.4,46.059,2.65,35,37.5,160000,True,
CWRU,6205,load0hp,3.0,0.0,10.0,3,,0.3333,107.364,25.75,94,89.8,36000,True,
CWRU,6205,load1hp,3.0,0.0,10.0,3,,0.3333,105.87,25.39,95,88.6,36000,True,
CWRU,6205,load2hp,3.0,0.0,10.0,3,,0.3333,104.556,25.07,95,87.5,36000,True,
CWRU,6205,load3hp,3.0,0.0,10.0,3,,0.3333,103.361,24.79,93,86.5,36000,True,
PU,6203_PU_2855,N15_M01_F10,3.0,0.0,4.0,1,240,0.3333,76.357,4.07,71,75.0,192000,False,est_train_windows_per_class 240 < 250
PU,6203_PU_2905,N15_M01_F10,3.0,0.0,4.0,1,240,0.3333,76.764,5.29,69,75.0,192000,False,est_train_windows_per_class 240 < 250
PU,6203_PU_2855,N15_M07_F04,3.0,0.0,4.0,1,240,0.3333,76.357,4.07,71,75.0,192000,False,est_train_windows_per_class 240 < 250
PU,6203_PU_2905,N15_M07_F04,3.0,0.0,4.0,1,240,0.3333,76.764,5.29,69,75.0,192000,False,est_train_windows_per_class 240 < 250
PU,6203_PU_2855,N15_M07_F10,3.0,0.0,4.0,1,240,0.3333,76.357,4.07,71,75.0,192000,False,est_train_windows_per_class 240 < 250
PU,6203_PU_2905,N15_M07_F10,3.0,0.0,4.0,1,240,0.3333,76.764,5.29,69,75.0,192000,False,est_train_windows_per_class 240 < 250
PU,6203_PU_2855,N09_M07_F10,3.0,0.0,4.0,1,240,0.3333,45.814,2.44,41,45.0,192000,False,est_train_windows_per_class 240 < 250
PU,6203_PU_2905,N09_M07_F10,3.0,0.0,4.0,1,240,0.3333,46.059,3.18,41,45.0,192000,False,est_train_windows_per_class 240 < 250
CWRU,6205,load0hp,3.0,0.5,10.0,5,,0.3333,107.364,25.75,94,89.8,36000,True,
CWRU,6205,load1hp,3.0,0.5,10.0,5,,0.3333,105.87,25.39,95,88.6,36000,True,
CWRU,6205,load2hp,3.0,0.5,10.0,5,,0.3333,104.556,25.07,95,87.5,36000,True,
CWRU,6205,load3hp,3.0,0.5,10.0,5,,0.3333,103.361,24.79,93,86.5,36000,True,
PU,6203_PU_2855,N15_M01_F10,3.0,0.5,4.0,1,240,0.3333,76.357,4.07,71,75.0,192000,False,est_train_windows_per_class 240 < 250
PU,6203_PU_2905,N15_M01_F10,3.0,0.5,4.0,1,240,0.3333,76.764,5.29,69,75.0,192000,False,est_train_windows_per_class 240 < 250
PU,6203_PU_2855,N15_M07_F04,3.0,0.5,4.0,1,240,0.3333,76.357,4.07,71,75.0,192000,False,est_train_windows_per_class 240 < 250
PU,6203_PU_2905,N15_M07_F04,3.0,0.5,4.0,1,240,0.3333,76.764,5.29,69,75.0,192000,False,est_train_windows_per_class 240 < 250
PU,6203_PU_2855,N15_M07_F10,3.0,0.5,4.0,1,240,0.3333,76.357,4.07,71,75.0,192000,False,est_train_windows_per_class 240 < 250
PU,6203_PU_2905,N15_M07_F10,3.0,0.5,4.0,1,240,0.3333,76.764,5.29,69,75.0,192000,False,est_train_windows_per_class 240 < 250
PU,6203_PU_2855,N09_M07_F10,3.0,0.5,4.0,1,240,0.3333,45.814,2.44,41,45.0,192000,False,est_train_windows_per_class 240 < 250
PU,6203_PU_2905,N09_M07_F10,3.0,0.5,4.0,1,240,0.3333,46.059,3.18,41,45.0,192000,False,est_train_windows_per_class 240 < 250
CWRU,6205,load0hp,3.0,0.667,10.0,8,,0.3333,107.364,25.75,94,89.8,36000,True,
CWRU,6205,load1hp,3.0,0.667,10.0,8,,0.3333,105.87,25.39,95,88.6,36000,True,
CWRU,6205,load2hp,3.0,0.667,10.0,8,,0.3333,104.556,25.07,95,87.5,36000,True,
CWRU,6205,load3hp,3.0,0.667,10.0,8,,0.3333,103.361,24.79,93,86.5,36000,True,
PU,6203_PU_2855,N15_M01_F10,3.0,0.667,4.0,2,480,0.3333,76.357,4.07,71,75.0,192000,True,
PU,6203_PU_2905,N15_M01_F10,3.0,0.667,4.0,2,480,0.3333,76.764,5.29,69,75.0,192000,True,
PU,6203_PU_2855,N15_M07_F04,3.0,0.667,4.0,2,480,0.3333,76.357,4.07,71,75.0,192000,True,
PU,6203_PU_2905,N15_M07_F04,3.0,0.667,4.0,2,480,0.3333,76.764,5.29,69,75.0,192000,True,
PU,6203_PU_2855,N15_M07_F10,3.0,0.667,4.0,2,480,0.3333,76.357,4.07,71,75.0,192000,True,
PU,6203_PU_2905,N15_M07_F10,3.0,0.667,4.0,2,480,0.3333,76.764,5.29,69,75.0,192000,True,
PU,6203_PU_2855,N09_M07_F10,3.0,0.667,4.0,2,480,0.3333,45.814,2.44,41,45.0,192000,True,
PU,6203_PU_2905,N09_M07_F10,3.0,0.667,4.0,2,480,0.3333,46.059,3.18,41,45.0,192000,True,
CWRU,6205,load0hp,3.0,0.75,10.0,10,,0.3333,107.364,25.75,94,89.8,36000,True,
CWRU,6205,load1hp,3.0,0.75,10.0,10,,0.3333,105.87,25.39,95,88.6,36000,True,
CWRU,6205,load2hp,3.0,0.75,10.0,10,,0.3333,104.556,25.07,95,87.5,36000,True,
CWRU,6205,load3hp,3.0,0.75,10.0,10,,0.3333,103.361,24.79,93,86.5,36000,True,
PU,6203_PU_2855,N15_M01_F10,3.0,0.75,4.0,2,480,0.3333,76.357,4.07,71,75.0,192000,True,
PU,6203_PU_2905,N15_M01_F10,3.0,0.75,4.0,2,480,0.3333,76.764,5.29,69,75.0,192000,True,
PU,6203_PU_2855,N15_M07_F04,3.0,0.75,4.0,2,480,0.3333,76.357,4.07,71,75.0,192000,True,
PU,6203_PU_2905,N15_M07_F04,3.0,0.75,4.0,2,480,0.3333,76.764,5.29,69,75.0,192000,True,
PU,6203_PU_2855,N15_M07_F10,3.0,0.75,4.0,2,480,0.3333,76.357,4.07,71,75.0,192000,True,
PU,6203_PU_2905,N15_M07_F10,3.0,0.75,4.0,2,480,0.3333,76.764,5.29,69,75.0,192000,True,
PU,6203_PU_2855,N09_M07_F10,3.0,0.75,4.0,2,480,0.3333,45.814,2.44,41,45.0,192000,True,
PU,6203_PU_2905,N09_M07_F10,3.0,0.75,4.0,2,480,0.3333,46.059,3.18,41,45.0,192000,True,
CWRU,6205,load0hp,3.5,0.0,10.0,2,,0.2857,107.364,30.04,112,104.8,42000,True,
CWRU,6205,load1hp,3.5,0.0,10.0,2,,0.2857,105.87,29.62,111,103.4,42000,True,
CWRU,6205,load2hp,3.5,0.0,10.0,2,,0.2857,104.556,29.25,108,102.1,42000,True,
CWRU,6205,load3hp,3.5,0.0,10.0,2,,0.2857,103.361,28.92,108,100.9,42000,True,
PU,6203_PU_2855,N15_M01_F10,3.5,0.0,4.0,1,240,0.2857,76.357,4.75,82,87.5,224000,False,est_train_windows_per_class 240 < 250
PU,6203_PU_2905,N15_M01_F10,3.5,0.0,4.0,1,240,0.2857,76.764,6.17,81,87.5,224000,False,est_train_windows_per_class 240 < 250
PU,6203_PU_2855,N15_M07_F04,3.5,0.0,4.0,1,240,0.2857,76.357,4.75,82,87.5,224000,False,est_train_windows_per_class 240 < 250
PU,6203_PU_2905,N15_M07_F04,3.5,0.0,4.0,1,240,0.2857,76.764,6.17,81,87.5,224000,False,est_train_windows_per_class 240 < 250
PU,6203_PU_2855,N15_M07_F10,3.5,0.0,4.0,1,240,0.2857,76.357,4.75,82,87.5,224000,False,est_train_windows_per_class 240 < 250
PU,6203_PU_2905,N15_M07_F10,3.5,0.0,4.0,1,240,0.2857,76.764,6.17,81,87.5,224000,False,est_train_windows_per_class 240 < 250
PU,6203_PU_2855,N09_M07_F10,3.5,0.0,4.0,1,240,0.2857,45.814,2.85,48,52.5,224000,False,est_train_windows_per_class 240 < 250
PU,6203_PU_2905,N09_M07_F10,3.5,0.0,4.0,1,240,0.2857,46.059,3.7,51,52.5,224000,False,est_train_windows_per_class 240 < 250
CWRU,6205,load0hp,3.5,0.5,10.0,4,,0.2857,107.364,30.04,112,104.8,42000,True,
CWRU,6205,load1hp,3.5,0.5,10.0,4,,0.2857,105.87,29.62,111,103.4,42000,True,
CWRU,6205,load2hp,3.5,0.5,10.0,4,,0.2857,104.556,29.25,108,102.1,42000,True,
CWRU,6205,load3hp,3.5,0.5,10.0,4,,0.2857,103.361,28.92,108,100.9,42000,True,
PU,6203_PU_2855,N15_M01_F10,3.5,0.5,4.0,1,240,0.2857,76.357,4.75,82,87.5,224000,False,est_train_windows_per_class 240 < 250
PU,6203_PU_2905,N15_M01_F10,3.5,0.5,4.0,1,240,0.2857,76.764,6.17,81,87.5,224000,False,est_train_windows_per_class 240 < 250
PU,6203_PU_2855,N15_M07_F04,3.5,0.5,4.0,1,240,0.2857,76.357,4.75,82,87.5,224000,False,est_train_windows_per_class 240 < 250
PU,6203_PU_2905,N15_M07_F04,3.5,0.5,4.0,1,240,0.2857,76.764,6.17,81,87.5,224000,False,est_train_windows_per_class 240 < 250
PU,6203_PU_2855,N15_M07_F10,3.5,0.5,4.0,1,240,0.2857,76.357,4.75,82,87.5,224000,False,est_train_windows_per_class 240 < 250
PU,6203_PU_2905,N15_M07_F10,3.5,0.5,4.0,1,240,0.2857,76.764,6.17,81,87.5,224000,False,est_train_windows_per_class 240 < 250
PU,6203_PU_2855,N09_M07_F10,3.5,0.5,4.0,1,240,0.2857,45.814,2.85,48,52.5,224000,False,est_train_windows_per_class 240 < 250
PU,6203_PU_2905,N09_M07_F10,3.5,0.5,4.0,1,240,0.2857,46.059,3.7,51,52.5,224000,False,est_train_windows_per_class 240 < 250
CWRU,6205,load0hp,3.5,0.667,10.0,6,,0.2857,107.364,30.04,112,104.8,42000,True,
CWRU,6205,load1hp,3.5,0.667,10.0,6,,0.2857,105.87,29.62,111,103.4,42000,True,
CWRU,6205,load2hp,3.5,0.667,10.0,6,,0.2857,104.556,29.25,108,102.1,42000,True,
CWRU,6205,load3hp,3.5,0.667,10.0,6,,0.2857,103.361,28.92,108,100.9,42000,True,
PU,6203_PU_2855,N15_M01_F10,3.5,0.667,4.0,1,240,0.2857,76.357,4.75,82,87.5,224000,False,est_train_windows_per_class 240 < 250
PU,6203_PU_2905,N15_M01_F10,3.5,0.667,4.0,1,240,0.2857,76.764,6.17,81,87.5,224000,False,est_train_windows_per_class 240 < 250
PU,6203_PU_2855,N15_M07_F04,3.5,0.667,4.0,1,240,0.2857,76.357,4.75,82,87.5,224000,False,est_train_windows_per_class 240 < 250
PU,6203_PU_2905,N15_M07_F04,3.5,0.667,4.0,1,240,0.2857,76.764,6.17,81,87.5,224000,False,est_train_windows_per_class 240 < 250
PU,6203_PU_2855,N15_M07_F10,3.5,0.667,4.0,1,240,0.2857,76.357,4.75,82,87.5,224000,False,est_train_windows_per_class 240 < 250
PU,6203_PU_2905,N15_M07_F10,3.5,0.667,4.0,1,240,0.2857,76.764,6.17,81,87.5,224000,False,est_train_windows_per_class 240 < 250
PU,6203_PU_2855,N09_M07_F10,3.5,0.667,4.0,1,240,0.2857,45.814,2.85,48,52.5,224000,False,est_train_windows_per_class 240 < 250
PU,6203_PU_2905,N09_M07_F10,3.5,0.667,4.0,1,240,0.2857,46.059,3.7,51,52.5,224000,False,est_train_windows_per_class 240 < 250
CWRU,6205,load0hp,3.5,0.75,10.0,8,,0.2857,107.364,30.04,112,104.8,42000,True,
CWRU,6205,load1hp,3.5,0.75,10.0,8,,0.2857,105.87,29.62,111,103.4,42000,True,
CWRU,6205,load2hp,3.5,0.75,10.0,8,,0.2857,104.556,29.25,108,102.1,42000,True,
CWRU,6205,load3hp,3.5,0.75,10.0,8,,0.2857,103.361,28.92,108,100.9,42000,True,
PU,6203_PU_2855,N15_M01_F10,3.5,0.75,4.0,1,240,0.2857,76.357,4.75,82,87.5,224000,False,est_train_windows_per_class 240 < 250
PU,6203_PU_2905,N15_M01_F10,3.5,0.75,4.0,1,240,0.2857,76.764,6.17,81,87.5,224000,False,est_train_windows_per_class 240 < 250
PU,6203_PU_2855,N15_M07_F04,3.5,0.75,4.0,1,240,0.2857,76.357,4.75,82,87.5,224000,False,est_train_windows_per_class 240 < 250
PU,6203_PU_2905,N15_M07_F04,3.5,0.75,4.0,1,240,0.2857,76.764,6.17,81,87.5,224000,False,est_train_windows_per_class 240 < 250
PU,6203_PU_2855,N15_M07_F10,3.5,0.75,4.0,1,240,0.2857,76.357,4.75,82,87.5,224000,False,est_train_windows_per_class 240 < 250
PU,6203_PU_2905,N15_M07_F10,3.5,0.75,4.0,1,240,0.2857,76.764,6.17,81,87.5,224000,False,est_train_windows_per_class 240 < 250
PU,6203_PU_2855,N09_M07_F10,3.5,0.75,4.0,1,240,0.2857,45.814,2.85,48,52.5,224000,False,est_train_windows_per_class 240 < 250
PU,6203_PU_2905,N09_M07_F10,3.5,0.75,4.0,1,240,0.2857,46.059,3.7,51,52.5,224000,False,est_train_windows_per_class 240 < 250
CWRU,6205,load0hp,4.0,0.0,10.0,2,,0.25,107.364,34.33,129,119.8,48000,True,
CWRU,6205,load1hp,4.0,0.0,10.0,2,,0.25,105.87,33.85,124,118.1,48000,True,
CWRU,6205,load2hp,4.0,0.0,10.0,2,,0.25,104.556,33.43,126,116.7,48000,True,
CWRU,6205,load3hp,4.0,0.0,10.0,2,,0.25,103.361,33.05,124,115.3,48000,True,
PU,6203_PU_2855,N15_M01_F10,4.0,0.0,4.0,1,240,0.25,76.357,5.43,92,100.0,256000,False,est_train_windows_per_class 240 < 250
PU,6203_PU_2905,N15_M01_F10,4.0,0.0,4.0,1,240,0.25,76.764,7.06,95,100.0,256000,False,est_train_windows_per_class 240 < 250
PU,6203_PU_2855,N15_M07_F04,4.0,0.0,4.0,1,240,0.25,76.357,5.43,92,100.0,256000,False,est_train_windows_per_class 240 < 250
PU,6203_PU_2905,N15_M07_F04,4.0,0.0,4.0,1,240,0.25,76.764,7.06,95,100.0,256000,False,est_train_windows_per_class 240 < 250
PU,6203_PU_2855,N15_M07_F10,4.0,0.0,4.0,1,240,0.25,76.357,5.43,92,100.0,256000,False,est_train_windows_per_class 240 < 250
PU,6203_PU_2905,N15_M07_F10,4.0,0.0,4.0,1,240,0.25,76.764,7.06,95,100.0,256000,False,est_train_windows_per_class 240 < 250
PU,6203_PU_2855,N09_M07_F10,4.0,0.0,4.0,1,240,0.25,45.814,3.26,56,60.0,256000,False,est_train_windows_per_class 240 < 250
PU,6203_PU_2905,N09_M07_F10,4.0,0.0,4.0,1,240,0.25,46.059,4.23,55,60.0,256000,False,est_train_windows_per_class 240 < 250
CWRU,6205,load0hp,4.0,0.5,10.0,4,,0.25,107.364,34.33,129,119.8,48000,True,
CWRU,6205,load1hp,4.0,0.5,10.0,4,,0.25,105.87,33.85,124,118.1,48000,True,
CWRU,6205,load2hp,4.0,0.5,10.0,4,,0.25,104.556,33.43,126,116.7,48000,True,
CWRU,6205,load3hp,4.0,0.5,10.0,4,,0.25,103.361,33.05,124,115.3,48000,True,
PU,6203_PU_2855,N15_M01_F10,4.0,0.5,4.0,1,240,0.25,76.357,5.43,92,100.0,256000,False,est_train_windows_per_class 240 < 250
PU,6203_PU_2905,N15_M01_F10,4.0,0.5,4.0,1,240,0.25,76.764,7.06,95,100.0,256000,False,est_train_windows_per_class 240 < 250
PU,6203_PU_2855,N15_M07_F04,4.0,0.5,4.0,1,240,0.25,76.357,5.43,92,100.0,256000,False,est_train_windows_per_class 240 < 250
PU,6203_PU_2905,N15_M07_F04,4.0,0.5,4.0,1,240,0.25,76.764,7.06,95,100.0,256000,False,est_train_windows_per_class 240 < 250
PU,6203_PU_2855,N15_M07_F10,4.0,0.5,4.0,1,240,0.25,76.357,5.43,92,100.0,256000,False,est_train_windows_per_class 240 < 250
PU,6203_PU_2905,N15_M07_F10,4.0,0.5,4.0,1,240,0.25,76.764,7.06,95,100.0,256000,False,est_train_windows_per_class 240 < 250
PU,6203_PU_2855,N09_M07_F10,4.0,0.5,4.0,1,240,0.25,45.814,3.26,56,60.0,256000,False,est_train_windows_per_class 240 < 250
PU,6203_PU_2905,N09_M07_F10,4.0,0.5,4.0,1,240,0.25,46.059,4.23,55,60.0,256000,False,est_train_windows_per_class 240 < 250
CWRU,6205,load0hp,4.0,0.667,10.0,5,,0.25,107.364,34.33,129,119.8,48000,True,
CWRU,6205,load1hp,4.0,0.667,10.0,5,,0.25,105.87,33.85,124,118.1,48000,True,
CWRU,6205,load2hp,4.0,0.667,10.0,5,,0.25,104.556,33.43,126,116.7,48000,True,
CWRU,6205,load3hp,4.0,0.667,10.0,5,,0.25,103.361,33.05,124,115.3,48000,True,
PU,6203_PU_2855,N15_M01_F10,4.0,0.667,4.0,1,240,0.25,76.357,5.43,92,100.0,256000,False,est_train_windows_per_class 240 < 250
PU,6203_PU_2905,N15_M01_F10,4.0,0.667,4.0,1,240,0.25,76.764,7.06,95,100.0,256000,False,est_train_windows_per_class 240 < 250
PU,6203_PU_2855,N15_M07_F04,4.0,0.667,4.0,1,240,0.25,76.357,5.43,92,100.0,256000,False,est_train_windows_per_class 240 < 250
PU,6203_PU_2905,N15_M07_F04,4.0,0.667,4.0,1,240,0.25,76.764,7.06,95,100.0,256000,False,est_train_windows_per_class 240 < 250
PU,6203_PU_2855,N15_M07_F10,4.0,0.667,4.0,1,240,0.25,76.357,5.43,92,100.0,256000,False,est_train_windows_per_class 240 < 250
PU,6203_PU_2905,N15_M07_F10,4.0,0.667,4.0,1,240,0.25,76.764,7.06,95,100.0,256000,False,est_train_windows_per_class 240 < 250
PU,6203_PU_2855,N09_M07_F10,4.0,0.667,4.0,1,240,0.25,45.814,3.26,56,60.0,256000,False,est_train_windows_per_class 240 < 250
PU,6203_PU_2905,N09_M07_F10,4.0,0.667,4.0,1,240,0.25,46.059,4.23,55,60.0,256000,False,est_train_windows_per_class 240 < 250
CWRU,6205,load0hp,4.0,0.75,10.0,7,,0.25,107.364,34.33,129,119.8,48000,True,
CWRU,6205,load1hp,4.0,0.75,10.0,7,,0.25,105.87,33.85,124,118.1,48000,True,
CWRU,6205,load2hp,4.0,0.75,10.0,7,,0.25,104.556,33.43,126,116.7,48000,True,
CWRU,6205,load3hp,4.0,0.75,10.0,7,,0.25,103.361,33.05,124,115.3,48000,True,
PU,6203_PU_2855,N15_M01_F10,4.0,0.75,4.0,1,240,0.25,76.357,5.43,92,100.0,256000,False,est_train_windows_per_class 240 < 250
PU,6203_PU_2905,N15_M01_F10,4.0,0.75,4.0,1,240,0.25,76.764,7.06,95,100.0,256000,False,est_train_windows_per_class 240 < 250
PU,6203_PU_2855,N15_M07_F04,4.0,0.75,4.0,1,240,0.25,76.357,5.43,92,100.0,256000,False,est_train_windows_per_class 240 < 250
PU,6203_PU_2905,N15_M07_F04,4.0,0.75,4.0,1,240,0.25,76.764,7.06,95,100.0,256000,False,est_train_windows_per_class 240 < 250
PU,6203_PU_2855,N15_M07_F10,4.0,0.75,4.0,1,240,0.25,76.357,5.43,92,100.0,256000,False,est_train_windows_per_class 240 < 250
PU,6203_PU_2905,N15_M07_F10,4.0,0.75,4.0,1,240,0.25,76.764,7.06,95,100.0,256000,False,est_train_windows_per_class 240 < 250
PU,6203_PU_2855,N09_M07_F10,4.0,0.75,4.0,1,240,0.25,45.814,3.26,56,60.0,256000,False,est_train_windows_per_class 240 < 250
PU,6203_PU_2905,N09_M07_F10,4.0,0.75,4.0,1,240,0.25,46.059,4.23,55,60.0,256000,False,est_train_windows_per_class 240 < 250
