record_id,opaque_id,channel,fault_type,clock_position,fault_size_in,load_hp,fs_hz,rpm,sr2015_grade_pmmcp,method1,method2,method3,notes,source
105,cwru_001,DE,inner_race,,0.007,0,12000,1797,Y2,,,,,PMMCP labels.json (CC BY-NC-SA 4.0) - single collapsed grade; per-method PENDING human transcription
118,cwru_002,DE,ball,,0.007,0,12000,1797,N1,,,,,PMMCP labels.json (CC BY-NC-SA 4.0) - single collapsed grade; per-method PENDING human transcription
130,cwru_003,DE,outer_race,centered_6,0.007,0,12000,1797,Y1,,,,,PMMCP labels.json (CC BY-NC-SA 4.0) - single collapsed grade; per-method PENDING human transcription
144,cwru_004,DE,outer_race,orthogonal_3,0.007,0,12000,1797,Y2,,,,,PMMCP labels.json (CC BY-NC-SA 4.0) - single collapsed grade; per-method PENDING human transcription
156,cwru_005,DE,outer_race,opposite_12,0.007,0,12000,1797,Y1,,,,,PMMCP labels.json (CC BY-NC-SA 4.0) - single collapsed grade; per-method PENDING human transcription
106,cwru_006,DE,inner_race,,0.007,1,12000,1772,Y2,,,,,PMMCP labels.json (CC BY-NC-SA 4.0) - single collapsed grade; per-method PENDING human transcription
119,cwru_007,DE,ball,,0.007,1,12000,1772,N1,,,,,PMMCP labels.json (CC BY-NC-SA 4.0) - single collapsed grade; per-method PENDING human transcription
131,cwru_008,DE,outer_race,centered_6,0.007,1,12000,1772,Y1,,,,,PMMCP labels.json (CC BY-NC-SA 4.0) - single collapsed grade; per-method PENDING human transcription
145,cwru_009,DE,outer_race,orthogonal_3,0.007,1,12000,1772,Y2,,,,,PMMCP labels.json (CC BY-NC-SA 4.0) - single collapsed grade; per-method PENDING human transcription
158,cwru_010,DE,outer_race,opposite_12,0.007,1,12000,1772,Y2,,,,,PMMCP labels.json (CC BY-NC-SA 4.0) - single collapsed grade; per-method PENDING human transcription
107,cwru_011,DE,inner_race,,0.007,2,12000,1750,Y2,,,,,PMMCP labels.json (CC BY-NC-SA 4.0) - single collapsed grade; per-method PENDING human transcription
120,cwru_012,DE,ball,,0.007,2,12000,1750,N1,,,,,PMMCP labels.json (CC BY-NC-SA 4.0) - single collapsed grade; per-method PENDING human transcription
132,cwru_013,DE,outer_race,centered_6,0.007,2,12000,1750,Y1,,,,,PMMCP labels.json (CC BY-NC-SA 4.0) - single collapsed grade; per-method PENDING human transcription
146,cwru_014,DE,outer_race,orthogonal_3,0.007,2,12000,1750,Y2,,,,,PMMCP labels.json (CC BY-NC-SA 4.0) - single collapsed grade; per-method PENDING human transcription
159,cwru_015,DE,outer_race,opposite_12,0.007,2,12000,1750,Y2,,,,,PMMCP labels.json (CC BY-NC-SA 4.0) - single collapsed grade; per-method PENDING human transcription
108,cwru_016,DE,inner_race,,0.007,3,12000,1730,Y2,,,,,PMMCP labels.json (CC BY-NC-SA 4.0) - single collapsed grade; per-method PENDING human transcription
121,cwru_017,DE,ball,,0.007,3,12000,1730,Y2,,,,,PMMCP labels.json (CC BY-NC-SA 4.0) - single collapsed grade; per-method PENDING human transcription
133,cwru_018,DE,outer_race,centered_6,0.007,3,12000,1730,Y1,,,,,PMMCP labels.json (CC BY-NC-SA 4.0) - single collapsed grade; per-method PENDING human transcription
147,cwru_019,DE,outer_race,orthogonal_3,0.007,3,12000,1730,Y2,,,,,PMMCP labels.json (CC BY-NC-SA 4.0) - single collapsed grade; per-method PENDING human transcription
160,cwru_020,DE,outer_race,opposite_12,0.007,3,12000,1730,Y2,,,,,PMMCP labels.json (CC BY-NC-SA 4.0) - single collapsed grade; per-method PENDING human transcription
169,cwru_021,DE,inner_race,,0.014,0,12000,1797,Y2,,,,,PMMCP labels.json (CC BY-NC-SA 4.0) - single collapsed grade; per-method PENDING human transcription
185,cwru_022,DE,ball,,0.014,0,12000,1797,P2,,,,,PMMCP labels.json (CC BY-NC-SA 4.0) - single collapsed grade; per-method PENDING human transcription
197,cwru_023,DE,outer_race,centered_6,0.014,0,12000,1797,Y2,,,,,PMMCP labels.json (CC BY-NC-SA 4.0) - single collapsed grade; per-method PENDING human transcription
170,cwru_024,DE,inner_race,,0.014,1,12000,1772,Y2,,,,,PMMCP labels.json (CC BY-NC-SA 4.0) - single collapsed grade; per-method PENDING human transcription
186,cwru_025,DE,ball,,0.014,1,12000,1772,P2,,,,,PMMCP labels.json (CC BY-NC-SA 4.0) - single collapsed grade; per-method PENDING human transcription
198,cwru_026,DE,outer_race,centered_6,0.014,1,12000,1772,P2,,,,,PMMCP labels.json (CC BY-NC-SA 4.0) - single collapsed grade; per-method PENDING human transcription
171,cwru_027,DE,inner_race,,0.014,2,12000,1750,Y2,,,,,PMMCP labels.json (CC BY-NC-SA 4.0) - single collapsed grade; per-method PENDING human transcription
187,cwru_028,DE,ball,,0.014,2,12000,1750,P2,,,,,PMMCP labels.json (CC BY-NC-SA 4.0) - single collapsed grade; per-method PENDING human transcription
199,cwru_029,DE,outer_race,centered_6,0.014,2,12000,1750,P1,,,,,PMMCP labels.json (CC BY-NC-SA 4.0) - single collapsed grade; per-method PENDING human transcription
172,cwru_030,DE,inner_race,,0.014,3,12000,1730,Y2,,,,,PMMCP labels.json (CC BY-NC-SA 4.0) - single collapsed grade; per-method PENDING human transcription
188,cwru_031,DE,ball,,0.014,3,12000,1730,P2,,,,,PMMCP labels.json (CC BY-NC-SA 4.0) - single collapsed grade; per-method PENDING human transcription
200,cwru_032,DE,outer_race,centered_6,0.014,3,12000,1730,N1,,,,,PMMCP labels.json (CC BY-NC-SA 4.0) - single collapsed grade; per-method PENDING human transcription
209,cwru_033,DE,inner_race,,0.021,0,12000,1797,Y1,,,,,PMMCP labels.json (CC BY-NC-SA 4.0) - single collapsed grade; per-method PENDING human transcription
222,cwru_034,DE,ball,,0.021,0,12000,1797,Y2,,,,,PMMCP labels.json (CC BY-NC-SA 4.0) - single collapsed grade; per-method PENDING human transcription
234,cwru_035,DE,outer_race,centered_6,0.021,0,12000,1797,Y2,,,,,PMMCP labels.json (CC BY-NC-SA 4.0) - single collapsed grade; per-method PENDING human transcription
246,cwru_036,DE,outer_race,orthogonal_3,0.021,0,12000,1797,Y2,,,,,PMMCP labels.json (CC BY-NC-SA 4.0) - single collapsed grade; per-method PENDING human transcription
258,cwru_037,DE,outer_race,opposite_12,0.021,0,12000,1797,Y2,,,,,PMMCP labels.json (CC BY-NC-SA 4.0) - single collapsed grade; per-method PENDING human transcription
210,cwru_038,DE,inner_race,,0.021,1,12000,1772,Y1,,,,,PMMCP labels.json (CC BY-NC-SA 4.0) - single collapsed grade; per-method PENDING human transcription
223,cwru_039,DE,ball,,0.021,1,12000,1772,Y2,,,,,PMMCP labels.json (CC BY-NC-SA 4.0) - single collapsed grade; per-method PENDING human transcription
235,cwru_040,DE,outer_race,centered_6,0.021,1,12000,1772,Y2,,,,,PMMCP labels.json (CC BY-NC-SA 4.0) - single collapsed grade; per-method PENDING human transcription
247,cwru_041,DE,outer_race,orthogonal_3,0.021,1,12000,1772,Y2,,,,,PMMCP labels.json (CC BY-NC-SA 4.0) - single collapsed grade; per-method PENDING human transcription
259,cwru_042,DE,outer_race,opposite_12,0.021,1,12000,1772,Y2,,,,,PMMCP labels.json (CC BY-NC-SA 4.0) - single collapsed grade; per-method PENDING human transcription
211,cwru_043,DE,inner_race,,0.021,2,12000,1750,Y1,,,,,PMMCP labels.json (CC BY-NC-SA 4.0) - single collapsed grade; per-method PENDING human transcription
224,cwru_044,DE,ball,,0.021,2,12000,1750,N1,,,,,PMMCP labels.json (CC BY-NC-SA 4.0) - single collapsed grade; per-method PENDING human transcription
236,cwru_045,DE,outer_race,centered_6,0.021,2,12000,1750,Y2,,,,clipping_de_sections,PMMCP labels.json (CC BY-NC-SA 4.0) - single collapsed grade; per-method PENDING human transcription
248,cwru_046,DE,outer_race,orthogonal_3,0.021,2,12000,1750,Y2,,,,,PMMCP labels.json (CC BY-NC-SA 4.0) - single collapsed grade; per-method PENDING human transcription
260,cwru_047,DE,outer_race,opposite_12,0.021,2,12000,1750,Y2,,,,,PMMCP labels.json (CC BY-NC-SA 4.0) - single collapsed grade; per-method PENDING human transcription
212,cwru_048,DE,inner_race,,0.021,3,12000,1730,Y1,,,,,PMMCP labels.json (CC BY-NC-SA 4.0) - single collapsed grade; per-method PENDING human transcription
225,cwru_049,DE,ball,,0.021,3,12000,1730,N1,,,,,PMMCP labels.json (CC BY-NC-SA 4.0) - single collapsed grade; per-method PENDING human transcription
237,cwru_050,DE,outer_race,centered_6,0.021,3,12000,1730,Y2,,,,clipping_de_sections,PMMCP labels.json (CC BY-NC-SA 4.0) - single collapsed grade; per-method PENDING human transcription
249,cwru_051,DE,outer_race,orthogonal_3,0.021,3,12000,1730,Y2,,,,,PMMCP labels.json (CC BY-NC-SA 4.0) - single collapsed grade; per-method PENDING human transcription
261,cwru_052,DE,outer_race,opposite_12,0.021,3,12000,1730,Y2,,,,,PMMCP labels.json (CC BY-NC-SA 4.0) - single collapsed grade; per-method PENDING human transcription
3001,cwru_053,DE,inner_race,,0.028,0,12000,1797,N1,,,,,PMMCP labels.json (CC BY-NC-SA 4.0) - single collapsed grade; per-method PENDING human transcription
3005,cwru_054,DE,ball,,0.028,0,12000,1797,Y2,,,,,PMMCP labels.json (CC BY-NC-SA 4.0) - single collapsed grade; per-method PENDING human transcription
3002,cwru_055,DE,inner_race,,0.028,1,12000,1772,N1,,,,,PMMCP labels.json (CC BY-NC-SA 4.0) - single collapsed grade; per-method PENDING human transcription
3006,cwru_056,DE,ball,,0.028,1,12000,1772,Y2,,,,,PMMCP labels.json (CC BY-NC-SA 4.0) - single collapsed grade; per-method PENDING human transcription
3003,cwru_057,DE,inner_race,,0.028,2,12000,1750,N1,,,,,PMMCP labels.json (CC BY-NC-SA 4.0) - single collapsed grade; per-method PENDING human transcription
3007,cwru_058,DE,ball,,0.028,2,12000,1750,Y2,,,,,PMMCP labels.json (CC BY-NC-SA 4.0) - single collapsed grade; per-method PENDING human transcription
3004,cwru_059,DE,inner_race,,0.028,3,12000,1730,N1,,,,,PMMCP labels.json (CC BY-NC-SA 4.0) - single collapsed grade; per-method PENDING human transcription
3008,cwru_060,DE,ball,,0.028,3,12000,1730,Y2,,,,,PMMCP labels.json (CC BY-NC-SA 4.0) - single collapsed grade; per-method PENDING human transcription
97,cwru_061,DE,normal,,,0,48000,1797,,,,,,PMMCP labels.json (CC BY-NC-SA 4.0) - single collapsed grade; per-method PENDING human transcription
98,cwru_062,DE,normal,,,1,48000,1772,,,,,,PMMCP labels.json (CC BY-NC-SA 4.0) - single collapsed grade; per-method PENDING human transcription
99,cwru_063,DE,normal,,,2,48000,1750,,,,,,PMMCP labels.json (CC BY-NC-SA 4.0) - single collapsed grade; per-method PENDING human transcription
100,cwru_064,DE,normal,,,3,48000,1730,,,,,,PMMCP labels.json (CC BY-NC-SA 4.0) - single collapsed grade; per-method PENDING human transcription
