record_id,fault_type,size_in,load_hp,fs_hz,rpm,rpm_source,kinematics,physical_class,accepts_true_de_family,any_fault_call,band_lo_hz,band_hi_hz,lines_BPFO,lines_BPFI,lines_BPFB,p_BPFO,p_BPFI,p_BPFB
105,inner_race,0.007,0,12000.0,1797.0,measured_in_file,6205,normal,0,0,4000.0,6000.0,0,1,0,0.148,0.002,0.486
105,inner_race,0.007,0,12000.0,1797.0,measured_in_file,6203,normal,0,0,4000.0,6000.0,0,1,0,0.87,0.378,0.34
118,ball,0.007,0,12000.0,1796.0,measured_in_file,6205,normal,0,0,4000.0,6000.0,0,0,0,0.248,0.36,0.002
118,ball,0.007,0,12000.0,1796.0,measured_in_file,6203,normal,0,0,4000.0,6000.0,0,0,0,0.968,0.028,0.23
130,outer_race,0.007,0,12000.0,1796.0,measured_in_file,6205,normal,0,0,4000.0,6000.0,0,0,0,0.002,0.002,0.186
130,outer_race,0.007,0,12000.0,1796.0,measured_in_file,6203,normal,0,0,4000.0,6000.0,0,0,0,0.302,0.194,0.602
144,outer_race,0.007,0,12000.0,1797.0,measured_in_file,6205,normal,0,0,0.0,2000.0,0,0,0,0.002,0.848,0.758
144,outer_race,0.007,0,12000.0,1797.0,measured_in_file,6203,normal,0,0,0.0,2000.0,0,0,0,0.952,0.684,0.958
156,outer_race,0.007,0,12000.0,1797.0,measured_in_file,6205,outer_race,1,1,4000.0,6000.0,3,0,0,0.002,0.008,0.436
156,outer_race,0.007,0,12000.0,1797.0,measured_in_file,6203,normal,0,0,4000.0,6000.0,0,1,1,0.586,0.462,0.468
106,inner_race,0.007,1,12000.0,1772.0,measured_in_file,6205,normal,0,0,4000.0,6000.0,0,0,1,0.004,0.01,0.554
106,inner_race,0.007,1,12000.0,1772.0,measured_in_file,6203,normal,0,0,4000.0,6000.0,0,1,0,0.756,0.348,0.862
119,ball,0.007,1,12000.0,1772.0,measured_in_file,6205,normal,0,0,4000.0,6000.0,0,0,0,0.042,0.002,0.29
119,ball,0.007,1,12000.0,1772.0,measured_in_file,6203,normal,0,0,4000.0,6000.0,0,0,0,0.974,0.348,0.458
131,outer_race,0.007,1,12000.0,1773.0,measured_in_file,6205,normal,0,0,4000.0,6000.0,0,0,0,0.002,0.158,0.874
131,outer_race,0.007,1,12000.0,1773.0,measured_in_file,6203,normal,0,0,4000.0,6000.0,0,0,0,0.91,0.438,0.902
145,outer_race,0.007,1,12000.0,1774.0,measured_in_file,6205,outer_race,1,1,4000.0,6000.0,2,1,1,0.002,0.272,0.818
145,outer_race,0.007,1,12000.0,1774.0,measured_in_file,6203,normal,0,0,4000.0,6000.0,0,1,0,0.524,0.298,0.222
158,outer_race,0.007,1,12000.0,1773.0,measured_in_file,6205,outer_race,1,1,4000.0,6000.0,5,1,1,0.002,0.23,0.702
158,outer_race,0.007,1,12000.0,1773.0,measured_in_file,6203,normal,0,0,4000.0,6000.0,0,1,0,0.524,0.476,0.736
107,inner_race,0.007,2,12000.0,1748.0,measured_in_file,6205,inner_race,1,1,4000.0,6000.0,1,2,0,0.062,0.002,0.2
107,inner_race,0.007,2,12000.0,1748.0,measured_in_file,6203,normal,0,0,4000.0,6000.0,0,0,0,0.316,0.264,0.702
120,ball,0.007,2,12000.0,1748.0,measured_in_file,6205,normal,0,0,4000.0,6000.0,0,0,0,0.136,0.23,0.228
120,ball,0.007,2,12000.0,1748.0,measured_in_file,6203,normal,0,0,4000.0,6000.0,0,0,0,1.0,0.04,0.002
132,outer_race,0.007,2,12000.0,1750.0,measured_in_file,6205,normal,0,0,4000.0,6000.0,0,0,0,0.002,0.288,0.22
132,outer_race,0.007,2,12000.0,1750.0,measured_in_file,6203,normal,0,0,4000.0,6000.0,0,0,0,0.886,0.028,0.22
146,outer_race,0.007,2,12000.0,1751.0,measured_in_file,6205,normal,0,0,4000.0,6000.0,1,0,0,0.002,0.228,0.722
146,outer_race,0.007,2,12000.0,1751.0,measured_in_file,6203,normal,0,0,4000.0,6000.0,0,0,1,0.496,0.438,0.062
159,outer_race,0.007,2,12000.0,1750.0,measured_in_file,6205,normal,0,0,4000.0,6000.0,0,0,0,0.002,0.216,0.17
159,outer_race,0.007,2,12000.0,1750.0,measured_in_file,6203,normal,0,0,4000.0,6000.0,0,0,0,0.62,0.172,0.04
108,inner_race,0.007,3,12000.0,1721.0,measured_in_file,6205,normal,0,0,4000.0,6000.0,1,1,0,0.13,0.002,0.37
108,inner_race,0.007,3,12000.0,1721.0,measured_in_file,6203,normal,0,0,4000.0,6000.0,0,1,0,0.112,0.684,0.386
121,ball,0.007,3,12000.0,1722.0,measured_in_file,6205,normal,0,0,4000.0,6000.0,0,0,0,0.686,0.206,0.524
121,ball,0.007,3,12000.0,1722.0,measured_in_file,6203,normal,0,0,4000.0,6000.0,0,0,0,0.248,0.528,0.336
133,outer_race,0.007,3,12000.0,1725.0,measured_in_file,6205,normal,0,0,4000.0,6000.0,0,0,0,0.002,0.226,0.612
133,outer_race,0.007,3,12000.0,1725.0,measured_in_file,6203,normal,0,0,4000.0,6000.0,0,0,0,0.386,0.228,0.544
147,outer_race,0.007,3,12000.0,1725.0,measured_in_file,6205,normal,0,0,4000.0,6000.0,0,0,0,0.002,0.256,0.638
147,outer_race,0.007,3,12000.0,1725.0,measured_in_file,6203,normal,0,0,4000.0,6000.0,0,0,0,0.38,0.34,0.602
160,outer_race,0.007,3,12000.0,1724.0,measured_in_file,6205,normal,0,0,4000.0,6000.0,0,0,0,0.002,0.002,0.522
160,outer_race,0.007,3,12000.0,1724.0,measured_in_file,6203,normal,0,0,4000.0,6000.0,0,0,0,0.324,0.362,0.812
169,inner_race,0.014,0,12000.0,1796.0,measured_in_file,6205,normal,0,0,4000.0,6000.0,0,0,0,0.818,0.074,0.756
169,inner_race,0.014,0,12000.0,1796.0,measured_in_file,6203,normal,0,0,4000.0,6000.0,0,0,0,0.306,0.798,0.788
185,ball,0.014,0,12000.0,1796.0,measured_in_file,6205,normal,0,0,0.0,2000.0,0,0,0,0.422,0.158,0.62
185,ball,0.014,0,12000.0,1796.0,measured_in_file,6203,normal,0,0,0.0,2000.0,0,0,0,0.104,0.44,0.602
197,outer_race,0.014,0,12000.0,1796.0,measured_in_file,6205,normal,0,0,4000.0,6000.0,0,0,0,0.622,0.112,0.37
197,outer_race,0.014,0,12000.0,1796.0,measured_in_file,6203,normal,0,0,4000.0,6000.0,0,0,0,0.742,0.032,0.548
170,inner_race,0.014,1,12000.0,1774.0,measured_in_file,6205,inner_race,1,1,4000.0,6000.0,0,8,1,0.844,0.002,0.508
170,inner_race,0.014,1,12000.0,1774.0,measured_in_file,6203,normal,0,0,4000.0,6000.0,0,0,0,0.144,0.226,0.238
186,ball,0.014,1,12000.0,1772.0,measured_in_file,6205,normal,0,0,4000.0,6000.0,0,0,0,0.086,0.012,0.024
186,ball,0.014,1,12000.0,1772.0,measured_in_file,6203,normal,0,0,4000.0,6000.0,0,0,0,0.346,0.946,0.694
198,outer_race,0.014,1,12000.0,1772.0,measured_in_file,6205,normal,0,0,4000.0,6000.0,0,0,0,0.882,0.808,0.092
198,outer_race,0.014,1,12000.0,1772.0,measured_in_file,6203,normal,0,0,4000.0,6000.0,0,0,0,0.158,0.318,0.698
171,inner_race,0.014,2,12000.0,1752.0,measured_in_file,6205,inner_race,1,1,4000.0,6000.0,1,4,0,0.464,0.002,0.904
171,inner_race,0.014,2,12000.0,1752.0,measured_in_file,6203,normal,0,0,4000.0,6000.0,0,2,0,0.534,0.038,0.694
187,ball,0.014,2,12000.0,1749.0,measured_in_file,6205,normal,0,0,4000.0,6000.0,0,0,0,0.002,0.132,0.05
187,ball,0.014,2,12000.0,1749.0,measured_in_file,6203,normal,0,0,4000.0,6000.0,0,0,0,0.904,0.094,0.462
199,outer_race,0.014,2,12000.0,1749.0,measured_in_file,6205,normal,0,0,4000.0,6000.0,0,0,0,0.666,0.002,0.086
199,outer_race,0.014,2,12000.0,1749.0,measured_in_file,6203,normal,0,0,4000.0,6000.0,0,0,0,0.736,0.304,0.558
172,inner_race,0.014,3,12000.0,1728.0,measured_in_file,6205,normal,0,0,0.0,2000.0,0,0,0,0.426,0.312,0.556
172,inner_race,0.014,3,12000.0,1728.0,measured_in_file,6203,normal,0,0,0.0,2000.0,0,0,0,0.842,0.936,0.016
188,ball,0.014,3,12000.0,1724.0,measured_in_file,6205,normal,0,0,4000.0,6000.0,0,0,0,0.686,0.206,0.554
188,ball,0.014,3,12000.0,1724.0,measured_in_file,6203,normal,0,0,4000.0,6000.0,0,0,0,0.48,0.612,0.652
200,outer_race,0.014,3,12000.0,1723.0,measured_in_file,6205,normal,0,0,4000.0,6000.0,0,0,0,0.774,0.088,0.11
200,outer_race,0.014,3,12000.0,1723.0,measured_in_file,6203,normal,0,0,4000.0,6000.0,0,0,0,0.844,0.028,0.542
209,inner_race,0.021,0,12000.0,1797.0,measured_in_file,6205,normal,0,0,0.0,2000.0,0,0,0,0.492,0.028,0.05
209,inner_race,0.021,0,12000.0,1797.0,measured_in_file,6203,normal,0,0,0.0,2000.0,0,0,0,0.776,0.744,0.218
222,ball,0.021,0,12000.0,1796.0,measured_in_file,6205,normal,0,0,4000.0,6000.0,0,0,0,0.166,0.032,0.234
222,ball,0.021,0,12000.0,1796.0,measured_in_file,6203,normal,0,0,4000.0,6000.0,0,0,0,0.914,0.26,0.338
234,outer_race,0.021,0,12000.0,1796.0,measured_in_file,6205,outer_race,1,1,4000.0,6000.0,3,10,9,0.002,0.392,0.158
234,outer_race,0.021,0,12000.0,1796.0,measured_in_file,6203,normal,0,0,4000.0,6000.0,0,6,2,0.336,0.66,0.176
246,outer_race,0.021,0,12000.0,1796.0,measured_in_file,6205,outer_race,1,1,4000.0,6000.0,4,3,0,0.002,0.54,0.826
246,outer_race,0.021,0,12000.0,1796.0,measured_in_file,6203,normal,0,0,4000.0,6000.0,1,1,2,0.256,0.644,0.89
258,outer_race,0.021,0,12000.0,1796.0,measured_in_file,6205,normal,0,0,4000.0,6000.0,0,1,0,0.002,0.028,0.412
258,outer_race,0.021,0,12000.0,1796.0,measured_in_file,6203,normal,0,0,4000.0,6000.0,0,0,0,0.642,0.226,0.426
210,inner_race,0.021,1,12000.0,1774.0,measured_in_file,6205,inner_race,1,1,4000.0,6000.0,1,9,1,0.352,0.002,0.148
210,inner_race,0.021,1,12000.0,1774.0,measured_in_file,6203,normal,0,0,4000.0,6000.0,0,4,1,0.554,0.356,0.188
223,ball,0.021,1,12000.0,1774.0,measured_in_file,6205,normal,0,0,0.0,2000.0,0,0,0,0.36,0.966,0.116
223,ball,0.021,1,12000.0,1774.0,measured_in_file,6203,normal,0,0,0.0,2000.0,0,0,0,0.642,0.828,0.91
235,outer_race,0.021,1,12000.0,1771.0,measured_in_file,6205,normal,0,0,0.0,2000.0,0,0,0,0.002,0.738,0.004
235,outer_race,0.021,1,12000.0,1771.0,measured_in_file,6203,normal,0,0,0.0,2000.0,0,0,0,0.962,0.918,0.458
247,outer_race,0.021,1,12000.0,1771.0,measured_in_file,6205,normal,0,0,4000.0,6000.0,1,1,0,0.002,0.17,0.838
247,outer_race,0.021,1,12000.0,1771.0,measured_in_file,6203,normal,0,0,4000.0,6000.0,0,1,0,0.374,0.336,0.162
259,outer_race,0.021,1,12000.0,1771.0,measured_in_file,6205,normal,0,0,4000.0,6000.0,0,0,0,0.002,0.126,0.002
259,outer_race,0.021,1,12000.0,1771.0,measured_in_file,6203,normal,0,0,4000.0,6000.0,0,0,0,0.944,0.022,0.48
211,inner_race,0.021,2,12000.0,1752.0,measured_in_file,6205,inner_race,1,1,4000.0,6000.0,1,11,3,0.274,0.002,0.292
211,inner_race,0.021,2,12000.0,1752.0,measured_in_file,6203,normal,0,0,4000.0,6000.0,0,7,0,0.3,0.406,0.498
224,ball,0.021,2,12000.0,1754.0,measured_in_file,6205,normal,0,0,0.0,2000.0,0,0,0,0.548,0.778,0.8
224,ball,0.021,2,12000.0,1754.0,measured_in_file,6203,normal,0,0,0.0,2000.0,0,0,0,0.14,0.002,0.946
236,outer_race,0.021,2,12000.0,1748.0,measured_in_file,6205,normal,0,0,0.0,2000.0,0,0,0,0.498,0.914,0.914
236,outer_race,0.021,2,12000.0,1748.0,measured_in_file,6203,normal,0,0,0.0,2000.0,0,0,0,0.002,0.58,0.008
248,outer_race,0.021,2,12000.0,1747.0,measured_in_file,6205,outer_race,1,1,4000.0,6000.0,2,2,0,0.002,0.11,0.834
248,outer_race,0.021,2,12000.0,1747.0,measured_in_file,6203,normal,0,0,4000.0,6000.0,0,0,1,0.472,0.46,0.87
260,outer_race,0.021,2,12000.0,1746.0,measured_in_file,6205,normal,0,0,4000.0,6000.0,0,0,0,0.002,0.27,0.544
260,outer_race,0.021,2,12000.0,1746.0,measured_in_file,6203,normal,0,0,4000.0,6000.0,0,0,0,0.37,0.246,0.67
212,inner_race,0.021,3,12000.0,1728.0,measured_in_file,6205,normal,0,0,0.0,2000.0,0,0,0,0.896,0.81,0.326
212,inner_race,0.021,3,12000.0,1728.0,measured_in_file,6203,normal,0,0,0.0,2000.0,0,0,0,0.616,0.512,0.768
225,ball,0.021,3,12000.0,1729.0,measured_in_file,6205,normal,0,0,0.0,2000.0,0,0,0,0.014,0.154,1.0
225,ball,0.021,3,12000.0,1729.0,measured_in_file,6203,normal,0,0,0.0,2000.0,0,0,0,0.71,0.346,0.154
237,outer_race,0.021,3,12000.0,1721.0,measured_in_file,6205,outer_race,1,1,4000.0,6000.0,5,7,6,0.002,0.492,0.562
237,outer_race,0.021,3,12000.0,1721.0,measured_in_file,6203,normal,0,0,4000.0,6000.0,0,5,0,0.37,0.634,0.562
249,outer_race,0.021,3,12000.0,1719.0,measured_in_file,6205,outer_race,1,1,2000.0,4000.0,3,5,2,0.002,0.278,0.61
249,outer_race,0.021,3,12000.0,1719.0,measured_in_file,6203,normal,0,0,2000.0,4000.0,1,0,0,0.678,0.602,0.826
261,outer_race,0.021,3,12000.0,1718.0,measured_in_file,6205,normal,0,0,2000.0,4000.0,3,0,5,0.07,0.974,0.654
261,outer_race,0.021,3,12000.0,1718.0,measured_in_file,6203,normal,0,0,2000.0,4000.0,1,6,2,0.244,0.348,0.244
97,normal,,0,48000.0,1796.0,measured_in_file,6205,normal,0,0,22000.0,24000.0,0,0,0,0.546,0.072,0.994
97,normal,,0,48000.0,1796.0,measured_in_file,6203,normal,0,0,22000.0,24000.0,0,0,0,0.112,0.464,0.958
98,normal,,1,48000.0,1772.0,nominal_table,6205,normal,0,0,22000.0,24000.0,0,0,0,0.842,0.918,0.558
98,normal,,1,48000.0,1772.0,nominal_table,6203,normal,0,0,22000.0,24000.0,0,0,0,0.01,0.822,0.482
99,normal,,2,48000.0,1750.0,nominal_table,6205,normal,0,0,22000.0,24000.0,0,0,0,0.138,1.0,0.582
99,normal,,2,48000.0,1750.0,nominal_table,6203,normal,0,0,22000.0,24000.0,0,0,0,0.138,0.886,0.924
100,normal,,3,48000.0,1725.0,measured_in_file,6205,normal,0,0,22000.0,24000.0,0,0,0,0.234,0.804,0.724
100,normal,,3,48000.0,1725.0,measured_in_file,6203,normal,0,0,22000.0,24000.0,0,0,0,0.934,0.772,0.782
