record_id,arm,fault_type,fault_size_in,or_position,load_hp,fs_hz,rpm,rpm_source,grade,physical_class,agree,band_lo_hz,band_hi_hz,band_kurtosis,p_BPFO,p_BPFI,p_BPFB
105,cepstrum,inner_race,0.007,,0,12000.0,1797.0,measured_in_file,Y2,normal,0,0.0,2000.0,7.08,0.9953709452740285,0.925257408171124,0.9999837569753708
118,cepstrum,ball,0.007,,0,12000.0,1796.0,measured_in_file,N1,normal,0,4000.0,6000.0,25.18,1.0,1.0,1.0
130,cepstrum,outer_race,0.007,centered_6,0,12000.0,1796.0,measured_in_file,Y1,normal,0,4000.0,6000.0,9.626,0.9961148420679001,1.0,1.0
144,cepstrum,outer_race,0.007,orthogonal_3,0,12000.0,1797.0,measured_in_file,Y2,normal,0,0.0,2000.0,4.098,0.9999999987177373,0.9999995878646784,0.9999180924593627
156,cepstrum,outer_race,0.007,opposite_12,0,12000.0,1797.0,measured_in_file,Y1,normal,0,4000.0,6000.0,78.664,0.9999999999999993,1.0,1.0
106,cepstrum,inner_race,0.007,,1,12000.0,1772.0,measured_in_file,Y2,normal,0,4000.0,6000.0,16.984,0.9999999999989317,1.0,1.0
119,cepstrum,ball,0.007,,1,12000.0,1772.0,measured_in_file,N1,normal,0,4000.0,6000.0,193.832,0.9999999999944897,1.0,1.0
131,cepstrum,outer_race,0.007,centered_6,1,12000.0,1773.0,measured_in_file,Y1,outer_race,1,2000.0,4000.0,6.334,3.45127083643648e-36,0.5834378329775154,1.0
145,cepstrum,outer_race,0.007,orthogonal_3,1,12000.0,1774.0,measured_in_file,Y2,normal,0,4000.0,6000.0,297.025,0.9999999977260648,1.0,1.0
158,cepstrum,outer_race,0.007,opposite_12,1,12000.0,1773.0,measured_in_file,Y2,normal,0,4000.0,6000.0,13.365,0.9999999999795584,1.0,1.0
107,cepstrum,inner_race,0.007,,2,12000.0,1748.0,measured_in_file,Y2,normal,0,4000.0,6000.0,10.137,0.999999999999995,1.0,1.0
120,cepstrum,ball,0.007,,2,12000.0,1748.0,measured_in_file,N1,normal,0,4000.0,6000.0,419.924,0.9999999939646835,1.0,1.0
132,cepstrum,outer_race,0.007,centered_6,2,12000.0,1750.0,measured_in_file,Y1,normal,0,4000.0,6000.0,67.751,0.999999842021854,1.0,1.0
146,cepstrum,outer_race,0.007,orthogonal_3,2,12000.0,1751.0,measured_in_file,Y2,normal,0,4000.0,6000.0,461.671,0.9997701161697722,1.0,1.0
159,cepstrum,outer_race,0.007,opposite_12,2,12000.0,1750.0,measured_in_file,Y2,normal,0,4000.0,6000.0,80.971,0.9999999199694833,1.0,1.0
108,cepstrum,inner_race,0.007,,3,12000.0,1721.0,measured_in_file,Y2,normal,0,4000.0,6000.0,78.607,0.9999999998079423,1.0,1.0
121,cepstrum,ball,0.007,,3,12000.0,1722.0,measured_in_file,Y2,normal,0,4000.0,6000.0,91.555,0.9999999999999551,1.0,1.0
133,cepstrum,outer_race,0.007,centered_6,3,12000.0,1725.0,measured_in_file,Y1,outer_race,1,4000.0,6000.0,9.562,6.589963950667144e-10,1.0,1.0
147,cepstrum,outer_race,0.007,orthogonal_3,3,12000.0,1725.0,measured_in_file,Y2,normal,0,4000.0,6000.0,35.386,0.9999996234588446,1.0,1.0
160,cepstrum,outer_race,0.007,opposite_12,3,12000.0,1724.0,measured_in_file,Y2,normal,0,4000.0,6000.0,108.299,0.9999305816022549,1.0,1.0
169,cepstrum,inner_race,0.014,,0,12000.0,1796.0,measured_in_file,Y2,normal,0,4000.0,6000.0,20.875,1.0,1.0,1.0
185,cepstrum,ball,0.014,,0,12000.0,1796.0,measured_in_file,P2,normal,0,4000.0,6000.0,52.951,0.9999999993315332,1.0,1.0
197,cepstrum,outer_race,0.014,centered_6,0,12000.0,1796.0,measured_in_file,Y2,normal,0,4000.0,6000.0,3.765,0.9999999515844264,0.9999999998935348,0.999999999999198
170,cepstrum,inner_race,0.014,,1,12000.0,1774.0,measured_in_file,Y2,normal,0,2000.0,4000.0,5.805,1.0,1.0,1.0
186,cepstrum,ball,0.014,,1,12000.0,1772.0,measured_in_file,P2,normal,0,4000.0,6000.0,22.368,0.9999969265443833,1.0,1.0
198,cepstrum,outer_race,0.014,centered_6,1,12000.0,1772.0,measured_in_file,P2,normal,0,4000.0,6000.0,17.813,1.0,1.0,1.0
171,cepstrum,inner_race,0.014,,2,12000.0,1752.0,measured_in_file,Y2,normal,0,4000.0,6000.0,14.073,1.0,1.0,1.0
187,cepstrum,ball,0.014,,2,12000.0,1749.0,measured_in_file,P2,normal,0,0.0,3000.0,7.597,0.3038419605514006,0.5662201161912154,0.8715740303460238
199,cepstrum,outer_race,0.014,centered_6,2,12000.0,1749.0,measured_in_file,P1,normal,0,4000.0,6000.0,6.527,1.0,1.0,1.0
172,cepstrum,inner_race,0.014,,3,12000.0,1728.0,measured_in_file,Y2,normal,0,4000.0,6000.0,20.366,0.9999999999998733,1.0,1.0
188,cepstrum,ball,0.014,,3,12000.0,1724.0,measured_in_file,P2,normal,0,4000.0,6000.0,10.529,0.9999999999990328,1.0,1.0
200,cepstrum,outer_race,0.014,centered_6,3,12000.0,1723.0,measured_in_file,N1,normal,0,4000.0,6000.0,14.294,0.9999999987470186,1.0,1.0
209,cepstrum,inner_race,0.021,,0,12000.0,1797.0,measured_in_file,Y1,normal,0,4000.0,6000.0,69.992,1.0,1.0,1.0
222,cepstrum,ball,0.021,,0,12000.0,1796.0,measured_in_file,Y2,normal,0,4000.0,6000.0,39.284,0.9999999999999104,1.0,1.0
234,cepstrum,outer_race,0.021,centered_6,0,12000.0,1796.0,measured_in_file,Y2,normal,0,4000.0,6000.0,19.531,0.9999999999775969,1.0,1.0
246,cepstrum,outer_race,0.021,orthogonal_3,0,12000.0,1796.0,measured_in_file,Y2,normal,0,0.0,2000.0,6.192,0.993384119441625,0.9952173557754513,0.9701240606789109
258,cepstrum,outer_race,0.021,opposite_12,0,12000.0,1796.0,measured_in_file,Y2,normal,0,2000.0,4000.0,13.005,0.7770495740641842,1.0,1.0
210,cepstrum,inner_race,0.021,,1,12000.0,1774.0,measured_in_file,Y1,normal,0,3000.0,6000.0,2.869,0.9999999999996505,1.0,1.0
223,cepstrum,ball,0.021,,1,12000.0,1774.0,measured_in_file,Y2,ball,1,2000.0,4000.0,10.537,0.34362089984752897,0.999999999677594,5.419924209809204e-25
235,cepstrum,outer_race,0.021,centered_6,1,12000.0,1771.0,measured_in_file,Y2,normal,0,4000.0,6000.0,17.169,1.0,1.0,1.0
247,cepstrum,outer_race,0.021,orthogonal_3,1,12000.0,1771.0,measured_in_file,Y2,normal,0,4000.0,6000.0,8.551,1.0,1.0,1.0
259,cepstrum,outer_race,0.021,opposite_12,1,12000.0,1771.0,measured_in_file,Y2,normal,0,0.0,3000.0,17.888,0.9999999892864586,1.0,1.0
211,cepstrum,inner_race,0.021,,2,12000.0,1752.0,measured_in_file,Y1,normal,0,4000.0,6000.0,115.01,0.99999999995996,1.0,1.0
224,cepstrum,ball,0.021,,2,12000.0,1754.0,measured_in_file,N1,normal,0,4000.0,6000.0,39.542,1.0,1.0,1.0
236,cepstrum,outer_race,0.021,centered_6,2,12000.0,1748.0,measured_in_file,Y2,normal,0,4000.0,6000.0,18.399,1.0,1.0,1.0
248,cepstrum,outer_race,0.021,orthogonal_3,2,12000.0,1747.0,measured_in_file,Y2,normal,0,0.0,2000.0,15.875,0.9993028333680289,1.0,1.0
260,cepstrum,outer_race,0.021,opposite_12,2,12000.0,1746.0,measured_in_file,Y2,normal,0,0.0,3000.0,14.508,0.9995322552578251,0.9999999999999911,1.0
212,cepstrum,inner_race,0.021,,3,12000.0,1728.0,measured_in_file,Y1,normal,0,4000.0,6000.0,20.933,1.0,1.0,1.0
225,cepstrum,ball,0.021,,3,12000.0,1729.0,measured_in_file,N1,normal,0,4000.0,6000.0,8.151,1.0,1.0,1.0
237,cepstrum,outer_race,0.021,centered_6,3,12000.0,1721.0,measured_in_file,Y2,normal,0,4000.0,6000.0,24.777,1.0,1.0,1.0
249,cepstrum,outer_race,0.021,orthogonal_3,3,12000.0,1719.0,measured_in_file,Y2,normal,0,0.0,2000.0,9.747,0.9999999996536055,0.9999999999999999,1.0
261,cepstrum,outer_race,0.021,opposite_12,3,12000.0,1718.0,measured_in_file,Y2,normal,0,4000.0,6000.0,15.995,1.0,1.0,1.0
3001,cepstrum,inner_race,0.028,,0,12000.0,1797.0,nominal_table,N1,normal,0,4000.0,6000.0,361.542,0.9999997924649209,1.0,1.0
3005,cepstrum,ball,0.028,,0,12000.0,1797.0,nominal_table,Y2,normal,0,0.0,2000.0,1.061,0.6504386069141908,0.8552580683413227,0.5152453446618532
3002,cepstrum,inner_race,0.028,,1,12000.0,1772.0,nominal_table,N1,normal,0,4000.0,6000.0,141.272,0.99999999129518,1.0,1.0
3006,cepstrum,ball,0.028,,1,12000.0,1772.0,nominal_table,Y2,normal,0,4000.0,6000.0,34.131,0.9999999999949117,1.0,1.0
3003,cepstrum,inner_race,0.028,,2,12000.0,1750.0,nominal_table,N1,normal,0,4000.0,6000.0,13.473,1.0,1.0,1.0
3007,cepstrum,ball,0.028,,2,12000.0,1750.0,nominal_table,Y2,normal,0,4000.0,6000.0,9.298,1.0,1.0,1.0
3004,cepstrum,inner_race,0.028,,3,12000.0,1730.0,nominal_table,N1,normal,0,0.0,2000.0,119.791,0.9999885493293408,1.0,1.0
3008,cepstrum,ball,0.028,,3,12000.0,1730.0,nominal_table,Y2,normal,0,4000.0,6000.0,76.43,0.9999999999957664,1.0,1.0
97,cepstrum,normal,,,0,48000.0,1796.0,measured_in_file,normal,normal,1,22000.0,24000.0,5.271,0.9253451529599417,1.0,0.9998811030731635
98,cepstrum,normal,,,1,48000.0,1772.0,nominal_table,normal,normal,1,0.0,2000.0,2.402,0.9999153746225098,1.0,1.0
99,cepstrum,normal,,,2,48000.0,1750.0,nominal_table,normal,normal,1,22000.0,24000.0,191.713,0.9896040212192577,1.0,0.9999999216765223
100,cepstrum,normal,,,3,48000.0,1725.0,measured_in_file,normal,normal,1,22000.0,24000.0,1247.26,0.978994337998898,1.0,0.9999996069073493
105,none,inner_race,0.007,,0,12000.0,1797.0,measured_in_file,Y2,normal,0,2000.0,4000.0,1.599,0.9999960686222362,1.0,1.0
118,none,ball,0.007,,0,12000.0,1796.0,measured_in_file,N1,ball,1,0.0,3000.0,0.087,0.9999999999999849,1.0,1.213266903034989e-10
130,none,outer_race,0.007,centered_6,0,12000.0,1796.0,measured_in_file,Y1,outer_race,1,2000.0,4000.0,3.123,1.194172709987045e-16,1.0,1.0
144,none,outer_race,0.007,orthogonal_3,0,12000.0,1797.0,measured_in_file,Y2,normal,0,4000.0,6000.0,1.95,1.0,1.0,0.9999999999999342
156,none,outer_race,0.007,opposite_12,0,12000.0,1797.0,measured_in_file,Y1,normal,0,0.0,3000.0,3.578,0.9999999999999994,1.0,0.9999999999962627
106,none,inner_race,0.007,,1,12000.0,1772.0,measured_in_file,Y2,normal,0,2000.0,4000.0,1.809,0.9641435365320262,0.9999999999999791,1.0
119,none,ball,0.007,,1,12000.0,1772.0,measured_in_file,N1,ball,1,4000.0,6000.0,0.429,0.9999994639307002,0.999995937834142,0.013077936455230851
131,none,outer_race,0.007,centered_6,1,12000.0,1773.0,measured_in_file,Y1,outer_race,1,4000.0,6000.0,3.412,1.1024265226400645e-53,1.0,1.0
145,none,outer_race,0.007,orthogonal_3,1,12000.0,1774.0,measured_in_file,Y2,normal,0,4000.0,6000.0,6.658,1.0,1.0,1.0
158,none,outer_race,0.007,opposite_12,1,12000.0,1773.0,measured_in_file,Y2,normal,0,2000.0,4000.0,3.201,1.0,1.0,1.0
107,none,inner_race,0.007,,2,12000.0,1748.0,measured_in_file,Y2,normal,0,2000.0,4000.0,1.942,0.9999999999997867,1.0,1.0
120,none,ball,0.007,,2,12000.0,1748.0,measured_in_file,N1,inner_race,0,4000.0,6000.0,1.765,0.9999999999549029,2.4825400771153626e-07,0.7761425082912977
132,none,outer_race,0.007,centered_6,2,12000.0,1750.0,measured_in_file,Y1,outer_race,1,4000.0,6000.0,3.474,1.759051910478324e-32,1.0,1.0
146,none,outer_race,0.007,orthogonal_3,2,12000.0,1751.0,measured_in_file,Y2,normal,0,4000.0,6000.0,8.091,1.0,1.0,1.0
159,none,outer_race,0.007,opposite_12,2,12000.0,1750.0,measured_in_file,Y2,normal,0,0.0,3000.0,5.212,1.0,0.9999999999999999,0.9996007897800318
108,none,inner_race,0.007,,3,12000.0,1721.0,measured_in_file,Y2,normal,0,3000.0,6000.0,1.978,1.0,0.9999999948234909,1.0
121,none,ball,0.007,,3,12000.0,1722.0,measured_in_file,Y2,normal,0,0.0,3000.0,-0.006,0.16411038931509025,0.9999997224038989,0.9999999707716913
133,none,outer_race,0.007,centered_6,3,12000.0,1725.0,measured_in_file,Y1,normal,0,4000.0,6000.0,3.748,0.9847606819362034,1.0,1.0
147,none,outer_race,0.007,orthogonal_3,3,12000.0,1725.0,measured_in_file,Y2,normal,0,4000.0,6000.0,3.983,1.0,1.0,1.0
160,none,outer_race,0.007,opposite_12,3,12000.0,1724.0,measured_in_file,Y2,normal,0,4000.0,6000.0,5.095,1.0,1.0,1.0
169,none,inner_race,0.014,,0,12000.0,1796.0,measured_in_file,Y2,normal,0,2000.0,4000.0,14.224,1.0,0.9999999999999523,1.0
185,none,ball,0.014,,0,12000.0,1796.0,measured_in_file,P2,ball,1,2000.0,4000.0,13.073,0.9998306755278794,1.0,0.01470391628445799
197,none,outer_race,0.014,centered_6,0,12000.0,1796.0,measured_in_file,Y2,ball,0,0.0,2000.0,0.05,1.0,1.0,2.145784196735533e-32
170,none,inner_race,0.014,,1,12000.0,1774.0,measured_in_file,Y2,normal,0,2000.0,4000.0,13.947,1.0,1.0,1.0
186,none,ball,0.014,,1,12000.0,1772.0,measured_in_file,P2,normal,0,2000.0,4000.0,5.286,0.9872807396751446,1.0,0.025490870398592144
198,none,outer_race,0.014,centered_6,1,12000.0,1772.0,measured_in_file,P2,normal,0,4000.0,6000.0,0.114,0.9999999999628103,1.0,1.0
171,none,inner_race,0.014,,2,12000.0,1752.0,measured_in_file,Y2,normal,0,2000.0,4000.0,14.647,1.0,1.0,1.0
187,none,ball,0.014,,2,12000.0,1749.0,measured_in_file,P2,normal,0,2000.0,4000.0,6.938,0.9991883882078715,1.0,0.9978720465567938
199,none,outer_race,0.014,centered_6,2,12000.0,1749.0,measured_in_file,P1,normal,0,4000.0,6000.0,0.065,0.9999999998027338,1.0,1.0
172,none,inner_race,0.014,,3,12000.0,1728.0,measured_in_file,Y2,normal,0,2000.0,4000.0,13.874,1.0,0.9939192279444047,1.0
188,none,ball,0.014,,3,12000.0,1724.0,measured_in_file,P2,normal,0,3000.0,6000.0,15.221,1.0,1.0,1.0
200,none,outer_race,0.014,centered_6,3,12000.0,1723.0,measured_in_file,N1,normal,0,3000.0,6000.0,0.714,0.742534024348819,1.0,1.0
209,none,inner_race,0.021,,0,12000.0,1797.0,measured_in_file,Y1,normal,0,4000.0,6000.0,4.255,0.9999999999998443,1.0,1.0
222,none,ball,0.021,,0,12000.0,1796.0,measured_in_file,Y2,normal,0,2000.0,4000.0,3.989,0.40683527950236453,1.0,0.9999999960493755
234,none,outer_race,0.021,centered_6,0,12000.0,1796.0,measured_in_file,Y2,normal,0,2000.0,4000.0,13.41,0.6755456288117176,1.0,1.0
246,none,outer_race,0.021,orthogonal_3,0,12000.0,1796.0,measured_in_file,Y2,normal,0,2000.0,4000.0,3.628,0.9999999999999666,1.0,1.0
258,none,outer_race,0.021,opposite_12,0,12000.0,1796.0,measured_in_file,Y2,normal,0,2000.0,4000.0,23.003,1.0,1.0,1.0
210,none,inner_race,0.021,,1,12000.0,1774.0,measured_in_file,Y1,normal,0,2000.0,4000.0,3.08,1.0,1.0,1.0
223,none,ball,0.021,,1,12000.0,1774.0,measured_in_file,Y2,normal,0,2000.0,4000.0,3.957,0.9999996871443007,1.0,0.6679397702799463
235,none,outer_race,0.021,centered_6,1,12000.0,1771.0,measured_in_file,Y2,normal,0,2000.0,4000.0,13.445,0.9999999999999988,1.0,1.0
247,none,outer_race,0.021,orthogonal_3,1,12000.0,1771.0,measured_in_file,Y2,normal,0,2000.0,4000.0,3.582,0.9995592630309148,1.0,1.0
259,none,outer_race,0.021,opposite_12,1,12000.0,1771.0,measured_in_file,Y2,normal,0,2000.0,4000.0,22.933,1.0,1.0,1.0
211,none,inner_race,0.021,,2,12000.0,1752.0,measured_in_file,Y1,normal,0,4000.0,6000.0,4.871,1.0,1.0,1.0
224,none,ball,0.021,,2,12000.0,1754.0,measured_in_file,N1,normal,0,3000.0,6000.0,0.384,1.0,1.0,1.0
236,none,outer_race,0.021,centered_6,2,12000.0,1748.0,measured_in_file,Y2,normal,0,4000.0,6000.0,14.989,1.0,1.0,1.0
248,none,outer_race,0.021,orthogonal_3,2,12000.0,1747.0,measured_in_file,Y2,normal,0,2000.0,4000.0,3.364,1.0,1.0,1.0
260,none,outer_race,0.021,opposite_12,2,12000.0,1746.0,measured_in_file,Y2,normal,0,2000.0,4000.0,23.07,1.0,1.0,0.9999999999999999
212,none,inner_race,0.021,,3,12000.0,1728.0,measured_in_file,Y1,normal,0,2000.0,4000.0,3.727,1.0,1.0,1.0
225,none,ball,0.021,,3,12000.0,1729.0,measured_in_file,N1,normal,0,3000.0,6000.0,0.348,1.0,1.0,1.0
237,none,outer_race,0.021,centered_6,3,12000.0,1721.0,measured_in_file,Y2,normal,0,4000.0,6000.0,17.792,1.0,1.0,1.0
249,none,outer_race,0.021,orthogonal_3,3,12000.0,1719.0,measured_in_file,Y2,normal,0,3000.0,6000.0,4.188,1.0,1.0,1.0
261,none,outer_race,0.021,opposite_12,3,12000.0,1718.0,measured_in_file,Y2,normal,0,2000.0,4000.0,22.919,1.0,1.0,1.0
3001,none,inner_race,0.028,,0,12000.0,1797.0,nominal_table,N1,normal,0,4000.0,6000.0,3.016,0.9821999140025351,0.9989043574810007,0.9941365392277343
3005,none,ball,0.028,,0,12000.0,1797.0,nominal_table,Y2,ball,1,0.0,2000.0,1.143,0.9999999999275405,1.0,3.2001673513694665e-214
3002,none,inner_race,0.028,,1,12000.0,1772.0,nominal_table,N1,normal,0,4000.0,6000.0,0.338,0.9978701181327451,1.0,1.0
3006,none,ball,0.028,,1,12000.0,1772.0,nominal_table,Y2,normal,0,0.0,2000.0,1.315,0.9991718955753508,1.0,0.9712533777637653
3003,none,inner_race,0.028,,2,12000.0,1750.0,nominal_table,N1,normal,0,4000.0,6000.0,0.379,0.6261617107685091,0.9999999999998247,0.9999999999999515
3007,none,ball,0.028,,2,12000.0,1750.0,nominal_table,Y2,ball,1,0.0,2000.0,1.368,0.9971944364031397,1.0,8.83119914480016e-12
3004,none,inner_race,0.028,,3,12000.0,1730.0,nominal_table,N1,normal,0,4000.0,6000.0,0.626,0.9123969145228433,0.9999918703262598,0.995600222305573
3008,none,ball,0.028,,3,12000.0,1730.0,nominal_table,Y2,outer_race,0,4000.0,6000.0,1.539,1.1124402195911774e-07,0.9999994178600271,1.5843214179480104e-05
97,none,normal,,,0,48000.0,1796.0,measured_in_file,normal,normal,1,18000.0,20000.0,0.244,0.9999996488827566,1.0,0.9999999270194806
98,none,normal,,,1,48000.0,1772.0,nominal_table,normal,normal,1,2000.0,4000.0,0.48,0.9996561298848652,0.999999999931036,0.9999964226246817
99,none,normal,,,2,48000.0,1750.0,nominal_table,normal,normal,1,22000.0,24000.0,11.265,0.9950888143493373,0.99999868826728,0.9998734846484256
100,none,normal,,,3,48000.0,1725.0,measured_in_file,normal,normal,1,22000.0,24000.0,189.86,0.6321121184147434,0.9999691643999451,0.9772903994830782
