pop,record_id,bearing_id,fault_type,rpm,arm,c30,v2,winner_aliased
FE_6203,270,fe_inner_race_0.021_None,inner_race,1796.0,none,outer_race,inner_race,False
FE_6203,270,fe_inner_race_0.021_None,inner_race,1796.0,cepstrum,normal,normal,
FE_6203,271,fe_inner_race_0.021_None,inner_race,1776.0,none,inner_race,inner_race,False
FE_6203,271,fe_inner_race_0.021_None,inner_race,1776.0,cepstrum,normal,normal,
FE_6203,272,fe_inner_race_0.021_None,inner_race,1758.0,none,inner_race,inner_race,False
FE_6203,272,fe_inner_race_0.021_None,inner_race,1758.0,cepstrum,inner_race,inner_race,False
FE_6203,273,fe_inner_race_0.021_None,inner_race,1737.0,none,inner_race,inner_race,False
FE_6203,273,fe_inner_race_0.021_None,inner_race,1737.0,cepstrum,normal,normal,
FE_6203,274,fe_inner_race_0.014_None,inner_race,1796.0,none,inner_race,inner_race,False
FE_6203,274,fe_inner_race_0.014_None,inner_race,1796.0,cepstrum,normal,normal,
FE_6203,275,fe_inner_race_0.014_None,inner_race,1775.0,none,inner_race,inner_race,False
FE_6203,275,fe_inner_race_0.014_None,inner_race,1775.0,cepstrum,inner_race,inner_race,False
FE_6203,276,fe_inner_race_0.014_None,inner_race,1755.0,none,inner_race,inner_race,False
FE_6203,276,fe_inner_race_0.014_None,inner_race,1755.0,cepstrum,inner_race,inner_race,False
FE_6203,277,fe_inner_race_0.014_None,inner_race,1733.0,none,inner_race,inner_race,False
FE_6203,277,fe_inner_race_0.014_None,inner_race,1733.0,cepstrum,inner_race,inner_race,False
FE_6203,278,fe_inner_race_0.007_None,inner_race,1796.0,none,outer_race,inner_race,True
FE_6203,278,fe_inner_race_0.007_None,inner_race,1796.0,cepstrum,normal,normal,
FE_6203,279,fe_inner_race_0.007_None,inner_race,1732.0,none,inner_race,inner_race,False
FE_6203,279,fe_inner_race_0.007_None,inner_race,1732.0,cepstrum,normal,normal,
FE_6203,280,fe_inner_race_0.007_None,inner_race,1755.0,none,inner_race,inner_race,False
FE_6203,280,fe_inner_race_0.007_None,inner_race,1755.0,cepstrum,inner_race,inner_race,False
FE_6203,281,fe_inner_race_0.007_None,inner_race,1732.0,none,inner_race,inner_race,False
FE_6203,281,fe_inner_race_0.007_None,inner_race,1732.0,cepstrum,normal,normal,
FE_6203,282,fe_ball_0.007_None,ball,1798.0,none,normal,normal,
FE_6203,282,fe_ball_0.007_None,ball,1798.0,cepstrum,normal,normal,
FE_6203,283,fe_ball_0.007_None,ball,1777.0,none,normal,normal,
FE_6203,283,fe_ball_0.007_None,ball,1777.0,cepstrum,normal,normal,
FE_6203,284,fe_ball_0.007_None,ball,1755.0,none,normal,normal,
FE_6203,284,fe_ball_0.007_None,ball,1755.0,cepstrum,normal,normal,
FE_6203,285,fe_ball_0.007_None,ball,1732.0,none,normal,normal,
FE_6203,285,fe_ball_0.007_None,ball,1732.0,cepstrum,normal,normal,
FE_6203,286,fe_ball_0.014_None,ball,1796.0,none,normal,normal,
FE_6203,286,fe_ball_0.014_None,ball,1796.0,cepstrum,normal,normal,
FE_6203,287,fe_ball_0.014_None,ball,1775.0,none,normal,normal,
FE_6203,287,fe_ball_0.014_None,ball,1775.0,cepstrum,normal,normal,
FE_6203,288,fe_ball_0.014_None,ball,1755.0,none,normal,normal,
FE_6203,288,fe_ball_0.014_None,ball,1755.0,cepstrum,normal,normal,
FE_6203,289,fe_ball_0.014_None,ball,1732.0,none,normal,normal,
FE_6203,289,fe_ball_0.014_None,ball,1732.0,cepstrum,normal,normal,
FE_6203,290,fe_ball_0.021_None,ball,1796.0,none,normal,normal,
FE_6203,290,fe_ball_0.021_None,ball,1796.0,cepstrum,normal,normal,
FE_6203,291,fe_ball_0.021_None,ball,1775.0,none,normal,normal,
FE_6203,291,fe_ball_0.021_None,ball,1775.0,cepstrum,normal,normal,
FE_6203,292,fe_ball_0.021_None,ball,1756.0,none,normal,normal,
FE_6203,292,fe_ball_0.021_None,ball,1756.0,cepstrum,normal,normal,
FE_6203,293,fe_ball_0.021_None,ball,1734.0,none,normal,normal,
FE_6203,293,fe_ball_0.021_None,ball,1734.0,cepstrum,normal,normal,
FE_6203,294,fe_outer_race_0.007_@6,outer_race,1797.0,none,normal,normal,
FE_6203,294,fe_outer_race_0.007_@6,outer_race,1797.0,cepstrum,normal,normal,
FE_6203,295,fe_outer_race_0.007_@6,outer_race,1776.0,none,outer_race,outer_race,False
FE_6203,295,fe_outer_race_0.007_@6,outer_race,1776.0,cepstrum,outer_race,outer_race,False
FE_6203,296,fe_outer_race_0.007_@6,outer_race,1756.0,none,outer_race,outer_race,False
FE_6203,296,fe_outer_race_0.007_@6,outer_race,1756.0,cepstrum,outer_race,outer_race,False
FE_6203,297,fe_outer_race_0.007_@6,outer_race,1733.0,none,outer_race,outer_race,False
FE_6203,297,fe_outer_race_0.007_@6,outer_race,1733.0,cepstrum,outer_race,outer_race,False
FE_6203,298,fe_outer_race_0.007_@3,outer_race,1797.0,none,inner_race,outer_race,False
FE_6203,298,fe_outer_race_0.007_@3,outer_race,1797.0,cepstrum,normal,normal,
FE_6203,299,fe_outer_race_0.007_@3,outer_race,1776.0,none,outer_race,inner_race,True
FE_6203,299,fe_outer_race_0.007_@3,outer_race,1776.0,cepstrum,normal,normal,
FE_6203,300,fe_outer_race_0.007_@3,outer_race,1755.0,none,inner_race,inner_race,False
FE_6203,300,fe_outer_race_0.007_@3,outer_race,1755.0,cepstrum,normal,normal,
FE_6203,301,fe_outer_race_0.007_@3,outer_race,1733.0,none,inner_race,inner_race,False
FE_6203,301,fe_outer_race_0.007_@3,outer_race,1733.0,cepstrum,normal,normal,
FE_6203,302,fe_outer_race_0.007_@12,outer_race,1797.0,none,outer_race,outer_race,False
FE_6203,302,fe_outer_race_0.007_@12,outer_race,1797.0,cepstrum,normal,normal,
FE_6203,305,fe_outer_race_0.007_@12,outer_race,1775.0,none,normal,normal,
FE_6203,305,fe_outer_race_0.007_@12,outer_race,1775.0,cepstrum,normal,normal,
FE_6203,306,fe_outer_race_0.007_@12,outer_race,1755.0,none,inner_race,inner_race,False
FE_6203,306,fe_outer_race_0.007_@12,outer_race,1755.0,cepstrum,normal,normal,
FE_6203,307,fe_outer_race_0.007_@12,outer_race,1733.0,none,outer_race,inner_race,True
FE_6203,307,fe_outer_race_0.007_@12,outer_race,1733.0,cepstrum,normal,normal,
FE_6203,309,fe_outer_race_0.014_@3,outer_race,1774.0,none,outer_race,outer_race,False
FE_6203,309,fe_outer_race_0.014_@3,outer_race,1774.0,cepstrum,normal,normal,
FE_6203,310,fe_outer_race_0.014_@3,outer_race,1796.0,none,normal,normal,
FE_6203,310,fe_outer_race_0.014_@3,outer_race,1796.0,cepstrum,normal,normal,
FE_6203,311,fe_outer_race_0.014_@3,outer_race,1752.0,none,normal,normal,
FE_6203,311,fe_outer_race_0.014_@3,outer_race,1752.0,cepstrum,outer_race,outer_race,False
FE_6203,312,fe_outer_race_0.014_@3,outer_race,1728.0,none,outer_race,outer_race,False
FE_6203,312,fe_outer_race_0.014_@3,outer_race,1728.0,cepstrum,outer_race,outer_race,False
FE_6203,313,fe_outer_race_0.014_@6,outer_race,1797.0,none,outer_race,outer_race,False
FE_6203,313,fe_outer_race_0.014_@6,outer_race,1797.0,cepstrum,normal,normal,
FE_6203,315,fe_outer_race_0.021_@6,outer_race,1797.0,none,outer_race,outer_race,False
FE_6203,315,fe_outer_race_0.021_@6,outer_race,1797.0,cepstrum,normal,normal,
FE_6203,316,fe_outer_race_0.021_@3,outer_race,1773.0,none,outer_race,outer_race,False
FE_6203,316,fe_outer_race_0.021_@3,outer_race,1773.0,cepstrum,normal,normal,
FE_6203,317,fe_outer_race_0.021_@3,outer_race,1751.0,none,outer_race,outer_race,False
FE_6203,317,fe_outer_race_0.021_@3,outer_race,1751.0,cepstrum,normal,normal,
FE_6203,318,fe_outer_race_0.021_@3,outer_race,1728.0,none,outer_race,outer_race,False
FE_6203,318,fe_outer_race_0.021_@3,outer_race,1728.0,cepstrum,normal,normal,
DE_6205,105,cwru_inner_race_0.007_na,inner_race,1797.0,none,inner_race,inner_race,False
DE_6205,105,cwru_inner_race_0.007_na,inner_race,1797.0,cepstrum,normal,normal,
DE_6205,118,cwru_ball_0.007_na,ball,1796.0,none,outer_race,outer_race,False
DE_6205,118,cwru_ball_0.007_na,ball,1796.0,cepstrum,normal,normal,
DE_6205,130,cwru_outer_race_0.007_centered_6,outer_race,1796.0,none,normal,normal,
DE_6205,130,cwru_outer_race_0.007_centered_6,outer_race,1796.0,cepstrum,outer_race,outer_race,False
DE_6205,144,cwru_outer_race_0.007_orthogonal_3,outer_race,1797.0,none,normal,normal,
DE_6205,144,cwru_outer_race_0.007_orthogonal_3,outer_race,1797.0,cepstrum,normal,normal,
DE_6205,156,cwru_outer_race_0.007_opposite_12,outer_race,1797.0,none,normal,normal,
DE_6205,156,cwru_outer_race_0.007_opposite_12,outer_race,1797.0,cepstrum,normal,normal,
DE_6205,106,cwru_inner_race_0.007_na,inner_race,1772.0,none,inner_race,inner_race,False
DE_6205,106,cwru_inner_race_0.007_na,inner_race,1772.0,cepstrum,normal,normal,
DE_6205,119,cwru_ball_0.007_na,ball,1772.0,none,inner_race,inner_race,False
DE_6205,119,cwru_ball_0.007_na,ball,1772.0,cepstrum,normal,normal,
DE_6205,131,cwru_outer_race_0.007_centered_6,outer_race,1773.0,none,outer_race,outer_race,False
DE_6205,131,cwru_outer_race_0.007_centered_6,outer_race,1773.0,cepstrum,outer_race,outer_race,False
DE_6205,145,cwru_outer_race_0.007_orthogonal_3,outer_race,1774.0,none,inner_race,inner_race,False
DE_6205,145,cwru_outer_race_0.007_orthogonal_3,outer_race,1774.0,cepstrum,normal,normal,
DE_6205,158,cwru_outer_race_0.007_opposite_12,outer_race,1773.0,none,outer_race,outer_race,False
DE_6205,158,cwru_outer_race_0.007_opposite_12,outer_race,1773.0,cepstrum,outer_race,outer_race,False
DE_6205,107,cwru_inner_race_0.007_na,inner_race,1748.0,none,inner_race,inner_race,False
DE_6205,107,cwru_inner_race_0.007_na,inner_race,1748.0,cepstrum,normal,normal,
DE_6205,120,cwru_ball_0.007_na,ball,1748.0,none,normal,normal,
DE_6205,120,cwru_ball_0.007_na,ball,1748.0,cepstrum,normal,normal,
DE_6205,132,cwru_outer_race_0.007_centered_6,outer_race,1750.0,none,outer_race,outer_race,False
DE_6205,132,cwru_outer_race_0.007_centered_6,outer_race,1750.0,cepstrum,outer_race,outer_race,False
DE_6205,146,cwru_outer_race_0.007_orthogonal_3,outer_race,1751.0,none,normal,normal,
DE_6205,146,cwru_outer_race_0.007_orthogonal_3,outer_race,1751.0,cepstrum,normal,normal,
DE_6205,159,cwru_outer_race_0.007_opposite_12,outer_race,1750.0,none,outer_race,outer_race,False
DE_6205,159,cwru_outer_race_0.007_opposite_12,outer_race,1750.0,cepstrum,normal,normal,
DE_6205,108,cwru_inner_race_0.007_na,inner_race,1721.0,none,inner_race,inner_race,False
DE_6205,108,cwru_inner_race_0.007_na,inner_race,1721.0,cepstrum,inner_race,inner_race,False
DE_6205,121,cwru_ball_0.007_na,ball,1722.0,none,outer_race,outer_race,False
DE_6205,121,cwru_ball_0.007_na,ball,1722.0,cepstrum,normal,normal,
DE_6205,133,cwru_outer_race_0.007_centered_6,outer_race,1725.0,none,normal,normal,
DE_6205,133,cwru_outer_race_0.007_centered_6,outer_race,1725.0,cepstrum,outer_race,outer_race,False
DE_6205,147,cwru_outer_race_0.007_orthogonal_3,outer_race,1725.0,none,normal,normal,
DE_6205,147,cwru_outer_race_0.007_orthogonal_3,outer_race,1725.0,cepstrum,normal,normal,
DE_6205,160,cwru_outer_race_0.007_opposite_12,outer_race,1724.0,none,normal,normal,
DE_6205,160,cwru_outer_race_0.007_opposite_12,outer_race,1724.0,cepstrum,normal,normal,
DE_6205,169,cwru_inner_race_0.014_na,inner_race,1796.0,none,normal,normal,
DE_6205,169,cwru_inner_race_0.014_na,inner_race,1796.0,cepstrum,inner_race,inner_race,False
DE_6205,185,cwru_ball_0.014_na,ball,1796.0,none,normal,normal,
DE_6205,185,cwru_ball_0.014_na,ball,1796.0,cepstrum,normal,normal,
DE_6205,197,cwru_outer_race_0.014_centered_6,outer_race,1796.0,none,normal,normal,
DE_6205,197,cwru_outer_race_0.014_centered_6,outer_race,1796.0,cepstrum,normal,normal,
DE_6205,170,cwru_inner_race_0.014_na,inner_race,1774.0,none,inner_race,inner_race,False
DE_6205,170,cwru_inner_race_0.014_na,inner_race,1774.0,cepstrum,normal,normal,
DE_6205,186,cwru_ball_0.014_na,ball,1772.0,none,normal,normal,
DE_6205,186,cwru_ball_0.014_na,ball,1772.0,cepstrum,normal,normal,
DE_6205,198,cwru_outer_race_0.014_centered_6,outer_race,1772.0,none,normal,normal,
DE_6205,198,cwru_outer_race_0.014_centered_6,outer_race,1772.0,cepstrum,normal,normal,
DE_6205,171,cwru_inner_race_0.014_na,inner_race,1752.0,none,normal,normal,
DE_6205,171,cwru_inner_race_0.014_na,inner_race,1752.0,cepstrum,inner_race,inner_race,False
DE_6205,187,cwru_ball_0.014_na,ball,1749.0,none,normal,normal,
DE_6205,187,cwru_ball_0.014_na,ball,1749.0,cepstrum,normal,normal,
DE_6205,199,cwru_outer_race_0.014_centered_6,outer_race,1749.0,none,inner_race,inner_race,False
DE_6205,199,cwru_outer_race_0.014_centered_6,outer_race,1749.0,cepstrum,normal,normal,
DE_6205,172,cwru_inner_race_0.014_na,inner_race,1728.0,none,normal,normal,
DE_6205,172,cwru_inner_race_0.014_na,inner_race,1728.0,cepstrum,normal,normal,
DE_6205,188,cwru_ball_0.014_na,ball,1724.0,none,normal,normal,
DE_6205,188,cwru_ball_0.014_na,ball,1724.0,cepstrum,normal,normal,
DE_6205,200,cwru_outer_race_0.014_centered_6,outer_race,1723.0,none,inner_race,inner_race,False
DE_6205,200,cwru_outer_race_0.014_centered_6,outer_race,1723.0,cepstrum,normal,normal,
DE_6205,209,cwru_inner_race_0.021_na,inner_race,1797.0,none,inner_race,inner_race,False
DE_6205,209,cwru_inner_race_0.021_na,inner_race,1797.0,cepstrum,inner_race,inner_race,False
DE_6205,222,cwru_ball_0.021_na,ball,1796.0,none,inner_race,inner_race,False
DE_6205,222,cwru_ball_0.021_na,ball,1796.0,cepstrum,normal,normal,
DE_6205,234,cwru_outer_race_0.021_centered_6,outer_race,1796.0,none,outer_race,outer_race,False
DE_6205,234,cwru_outer_race_0.021_centered_6,outer_race,1796.0,cepstrum,outer_race,outer_race,False
DE_6205,246,cwru_outer_race_0.021_orthogonal_3,outer_race,1796.0,none,normal,normal,
DE_6205,246,cwru_outer_race_0.021_orthogonal_3,outer_race,1796.0,cepstrum,normal,normal,
DE_6205,258,cwru_outer_race_0.021_opposite_12,outer_race,1796.0,none,normal,normal,
DE_6205,258,cwru_outer_race_0.021_opposite_12,outer_race,1796.0,cepstrum,outer_race,outer_race,False
DE_6205,210,cwru_inner_race_0.021_na,inner_race,1774.0,none,inner_race,inner_race,False
DE_6205,210,cwru_inner_race_0.021_na,inner_race,1774.0,cepstrum,inner_race,inner_race,False
DE_6205,223,cwru_ball_0.021_na,ball,1774.0,none,inner_race,inner_race,False
DE_6205,223,cwru_ball_0.021_na,ball,1774.0,cepstrum,normal,normal,
DE_6205,235,cwru_outer_race_0.021_centered_6,outer_race,1771.0,none,outer_race,outer_race,False
DE_6205,235,cwru_outer_race_0.021_centered_6,outer_race,1771.0,cepstrum,outer_race,outer_race,False
DE_6205,247,cwru_outer_race_0.021_orthogonal_3,outer_race,1771.0,none,normal,normal,
DE_6205,247,cwru_outer_race_0.021_orthogonal_3,outer_race,1771.0,cepstrum,normal,normal,
DE_6205,259,cwru_outer_race_0.021_opposite_12,outer_race,1771.0,none,normal,normal,
DE_6205,259,cwru_outer_race_0.021_opposite_12,outer_race,1771.0,cepstrum,normal,normal,
DE_6205,211,cwru_inner_race_0.021_na,inner_race,1752.0,none,inner_race,inner_race,False
DE_6205,211,cwru_inner_race_0.021_na,inner_race,1752.0,cepstrum,inner_race,inner_race,False
DE_6205,224,cwru_ball_0.021_na,ball,1754.0,none,inner_race,inner_race,False
DE_6205,224,cwru_ball_0.021_na,ball,1754.0,cepstrum,normal,normal,
DE_6205,236,cwru_outer_race_0.021_centered_6,outer_race,1748.0,none,outer_race,outer_race,False
DE_6205,236,cwru_outer_race_0.021_centered_6,outer_race,1748.0,cepstrum,outer_race,outer_race,False
DE_6205,248,cwru_outer_race_0.021_orthogonal_3,outer_race,1747.0,none,normal,normal,
DE_6205,248,cwru_outer_race_0.021_orthogonal_3,outer_race,1747.0,cepstrum,normal,normal,
DE_6205,260,cwru_outer_race_0.021_opposite_12,outer_race,1746.0,none,normal,normal,
DE_6205,260,cwru_outer_race_0.021_opposite_12,outer_race,1746.0,cepstrum,normal,normal,
DE_6205,212,cwru_inner_race_0.021_na,inner_race,1728.0,none,inner_race,inner_race,False
DE_6205,212,cwru_inner_race_0.021_na,inner_race,1728.0,cepstrum,inner_race,inner_race,False
DE_6205,225,cwru_ball_0.021_na,ball,1729.0,none,inner_race,inner_race,False
DE_6205,225,cwru_ball_0.021_na,ball,1729.0,cepstrum,normal,normal,
DE_6205,237,cwru_outer_race_0.021_centered_6,outer_race,1721.0,none,outer_race,outer_race,False
DE_6205,237,cwru_outer_race_0.021_centered_6,outer_race,1721.0,cepstrum,outer_race,outer_race,False
DE_6205,249,cwru_outer_race_0.021_orthogonal_3,outer_race,1719.0,none,normal,normal,
DE_6205,249,cwru_outer_race_0.021_orthogonal_3,outer_race,1719.0,cepstrum,normal,normal,
DE_6205,261,cwru_outer_race_0.021_opposite_12,outer_race,1718.0,none,normal,normal,
DE_6205,261,cwru_outer_race_0.021_opposite_12,outer_race,1718.0,cepstrum,normal,normal,
DE_6205,3001,cwru_inner_race_0.028_na,inner_race,1797.0,none,normal,normal,
DE_6205,3001,cwru_inner_race_0.028_na,inner_race,1797.0,cepstrum,normal,normal,
DE_6205,3005,cwru_ball_0.028_na,ball,1797.0,none,ball,ball,False
DE_6205,3005,cwru_ball_0.028_na,ball,1797.0,cepstrum,normal,normal,
DE_6205,3002,cwru_inner_race_0.028_na,inner_race,1772.0,none,normal,normal,
DE_6205,3002,cwru_inner_race_0.028_na,inner_race,1772.0,cepstrum,normal,normal,
DE_6205,3006,cwru_ball_0.028_na,ball,1772.0,none,ball,ball,False
DE_6205,3006,cwru_ball_0.028_na,ball,1772.0,cepstrum,normal,normal,
DE_6205,3003,cwru_inner_race_0.028_na,inner_race,1750.0,none,normal,normal,
DE_6205,3003,cwru_inner_race_0.028_na,inner_race,1750.0,cepstrum,normal,normal,
DE_6205,3007,cwru_ball_0.028_na,ball,1750.0,none,ball,ball,False
DE_6205,3007,cwru_ball_0.028_na,ball,1750.0,cepstrum,normal,normal,
DE_6205,3004,cwru_inner_race_0.028_na,inner_race,1730.0,none,normal,normal,
DE_6205,3004,cwru_inner_race_0.028_na,inner_race,1730.0,cepstrum,normal,normal,
DE_6205,3008,cwru_ball_0.028_na,ball,1730.0,none,normal,normal,
DE_6205,3008,cwru_ball_0.028_na,ball,1730.0,cepstrum,normal,normal,
